eyeX,eyeY,eyeZ,timestamp
0,0,0,0
0,0,0,0.02
0,0,0,0.3533334
0,0,0,0.3764601
0,0,0,0.3859533
0,0,0,0.3929102
0,0,0,0.4026173
0,0,0,0.4102315
0,0,0,0.4172842
0,0,0,0.4244725
0,0,0,0.4327839
0,0,0,0.4417969
0,0,0,0.4541821
0,0,0,0.4617347
0,0,0,0.468549
0,0,0,0.4767106
0,0,0,0.4848178
0,0,0,0.493172
0,0,0,0.5013397
0,0,0,0.5094506
0,0,0,0.5175837
0,0,0,0.5255681
0,0,0,0.5338714
0,0,0,0.5419775
0,0,0,0.5497661
0,0,0,0.557893
0,0,0,0.5675668
0,0,0,0.5769854
0,0,0,0.5848877
0,0,0,0.5914416
0,0,0,0.5987269
0,0,0,0.6065608
0,0,0,0.6145418
0,0,0,0.6228421
0,0,0,0.6355458
0,0,0,0.6428441
0,0,0,0.6503419
0,0,0,0.6588053
0,0,0,0.6662746
0,0,0,0.6732387
0,0,0,0.6797071
0,0,0,0.6874517
0,0,0,0.6951004
0,0,0,0.7036535
0,0,0,0.7114661
0,0,0,0.7192323
0,0,0,0.7272143
0,0,0,0.7351007
0,0,0,0.7431349
0,0,0,0.7513196
0,0,0,0.7593853
0,0,0,0.7687694
0,0,0,0.7782991
0,0,0,0.7860672
0,0,0,0.793056
0,0,0,0.8001531
0,0,0,0.8081307
0,0,0,0.8159471
0,0,0,0.8245206
0,0,0,0.8322564
0,0,0,0.8404552
0,0,0,0.8482925
0,0,0,0.8566726
0,0,0,0.864556
0,0,0,0.8726776
0,0,0,0.8805426
0,0,0,0.8886011
0,0,0,0.8966193
0,0,0,0.9047987
0,0,0,0.91285
0,0,0,0.920563
0,0,0,0.9285414
0,0,0,0.9366816
0,0,0,0.9452484
0,0,0,0.9525458
0,0,0,0.9615726
0,0,0,0.9702184
0,0,0,0.9793383
0,0,0,0.9875097
0,0,0,0.9944757
0,0,0,1.001577
0,0,0,1.009237
0,0,0,1.017577
0,0,0,1.025892
0,0,0,1.03419
0,0,0,1.041826
0,0,0,1.049533
0,0,0,1.057627
0,0,0,1.065502
0,0,0,1.073706
0,0,0,1.081859
0,0,0,1.089881
0,0,0,1.097676
0,0,0,1.105682
0,0,0,1.113618
0,0,0,1.12174
0,0,0,1.129728
0,0,0,1.13791
0,0,0,1.145811
0,0,0,1.153955
0,0,0,1.162138
0,0,0,1.171407
0,0,0,1.180851
0,0,0,1.188945
0,0,0,1.195824
0,0,0,1.203114
0,0,0,1.210501
0,0,0,1.218487
0,0,0,1.226654
0,0,0,1.234693
0,0,0,1.242864
0,0,0,1.250975
0,0,0,1.258786
0,0,0,1.266558
0,0,0,1.274746
0,0,0,1.282893
0,0,0,1.290915
0,0,0,1.298823
0,0,0,1.306979
0,0,0,1.314848
0,0,0,1.322994
0,0,0,1.330903
0,0,0,1.33946
0,0,0,1.347213
0,0,0,1.355538
0,0,0,1.364343
0,0,0,1.372902
0,0,0,1.38193
0,0,0,1.390346
0,0,0,1.397217
0,0,0,1.404276
0,0,0,1.411803
0,0,0,1.420334
0,0,0,1.42774
0,0,0,1.435804
0,0,0,1.444056
0,0,0,1.452061
0,0,0,1.460019
0,0,0,1.467861
0,0,0,1.476056
0,0,0,1.483953
0,0,0,1.492365
0,0,0,1.500089
0,0,0,1.50841
0,0,0,1.516234
0,0,0,1.524344
0,0,0,1.532552
0,0,0,1.541139
0,0,0,1.549045
0,0,0,1.557425
0,0,0,1.56543
0,0,0,1.575064
0,0,0,1.585297
0,0,0,1.594065
0,0,0,1.601214
0,0,0,1.608076
0,0,0,1.61488
0,0,0,1.622933
0,0,0,1.630869
0,0,0,1.639797
0,0,0,1.64883
0,0,0,1.656689
0,0,0,1.664083
0,0,0,1.671217
0,0,0,1.679742
0,0,0,1.68796
0,0,0,1.695317
0,0,0,1.703017
0,0,0,1.71127
0,0,0,1.718996
0,0,0,1.72719
0,0,0,1.735617
0,0,0,1.743425
0,0,0,1.751665
0,0,0,1.759153
0,0,0,1.766974
0,0,0,1.776443
0,0,0,1.785963
0,0,0,1.800266
0,0,0,1.807257
0,0,0,1.814173
0,0,0,1.821293
0,0,0,1.828156
0,0,0,1.835902
0,0,0,1.84433
0,0,0,1.852137
0,0,0,1.860118
0,0,0,1.868144
0,0,0,1.876175
0,0,0,1.884511
0,0,0,1.892678
0,0,0,1.902059
0,0,0,1.909525
0,0,0,1.916765
0,0,0,1.924482
0,0,0,1.93227
0,0,0,1.940502
0,0,0,1.948459
0,0,0,1.956458
0,0,0,1.964277
0,0,0,1.972657
0,0,0,1.981648
0,0,0,1.991987
0,0,0,2.000531
0,0,0,2.008357
0,0,0,2.01583
0,0,0,2.023149
0,0,0,2.030387
0,0,0,2.038006
0,0,0,2.045145
0,0,0,2.053084
0,0,0,2.061067
0,0,0,2.069141
0,0,0,2.077315
0,0,0,2.085168
0,0,0,2.09318
0,0,0,2.101117
0,0,0,2.109035
0,0,0,2.117107
0,0,0,2.125287
0,0,0,2.133041
0,0,0,2.141343
0,0,0,2.149121
0,0,0,2.157583
0,0,0,2.165417
0,0,0,2.173423
0,0,0,2.182618
0,0,0,2.192719
0,0,0,2.199659
0,0,0,2.206564
0,0,0,2.213907
0,0,0,2.222183
0,0,0,2.229965
0,0,0,2.238533
0,0,0,2.246578
0,0,0,2.254965
0,0,0,2.262434
0,0,0,2.270192
0,0,0,2.278181
0,0,0,2.286122
0,0,0,2.294165
0,0,0,2.30234
0,0,0,2.310197
0,0,0,2.318092
0,0,0,2.326304
0,0,0,2.334418
0,0,0,2.34256
0,0,0,2.350216
0,0,0,2.358454
0,0,0,2.36621
0,0,0,2.374521
0,0,0,2.383613
0,0,0,2.392814
0,0,0,2.401708
0,0,0,2.40859
0,0,0,2.415697
0,0,0,2.423132
0,0,0,2.431036
0,0,0,2.439435
0,0,0,2.447237
0,0,0,2.45549
0,0,0,2.463176
0,0,0,2.471506
0,0,0,2.479315
0,0,0,2.487876
0,0,0,2.495163
0,0,0,2.503161
0,0,0,2.511472
0,0,0,2.519327
0,0,0,2.52716
0,0,0,2.535165
0,0,0,2.543481
0,0,0,2.551524
0,0,0,2.559577
0,0,0,2.567544
0,0,0,2.57548
0,0,0,2.584442
0,0,0,2.594069
0,0,0,2.602803
0,0,0,2.609576
0,0,0,2.616533
0,0,0,2.624673
0,0,0,2.632776
0,0,0,2.641161
0,0,0,2.64907
0,0,0,2.657415
0,0,0,2.665693
0,0,0,2.673856
0,0,0,2.681984
0,0,0,2.690189
0,0,0,2.698145
0,0,0,2.706434
0,0,0,2.7144
0,0,0,2.722516
0,0,0,2.730164
0,0,0,2.73824
0,0,0,2.74614
0,0,0,2.753977
0,0,0,2.76226
0,0,0,2.770321
0,0,0,2.778454
0,0,0,2.787733
0,0,0,2.797463
0,0,0,2.804992
0,0,0,2.811954
0,0,0,2.819031
0,0,0,2.826731
0,0,0,2.834613
0,0,0,2.843209
0,0,0,2.850836
0,0,0,2.859051
0,0,0,2.866759
0,0,0,2.875174
0,0,0,2.882796
0,0,0,2.891036
0,0,0,2.898935
0,0,0,2.90723
0,0,0,2.914904
0,0,0,2.923368
0,0,0,2.930898
0,0,0,2.94521
0,0,0,2.952853
0,0,0,2.960097
0,0,0,2.966994
0,0,0,2.974324
0,0,0,2.980983
0,0,0,2.989493
0,0,0,2.999115
0,0,0,3.006881
0,0,0,3.013749
0,0,0,3.020182
0,0,0,3.028422
0,0,0,3.036361
0,0,0,3.044725
0,0,0,3.052861
0,0,0,3.060897
0,0,0,3.069253
0,0,0,3.077127
0,0,0,3.085106
0,0,0,3.093142
0,0,0,3.100788
0,0,0,3.109079
0,0,0,3.117303
0,0,0,3.125445
0,0,0,3.133015
0,0,0,3.141344
0,0,0,3.149043
0,0,0,3.157218
0,0,0,3.165144
0,0,0,3.173164
0,0,0,3.181216
0,0,0,3.191334
0,0,0,3.200676
0,0,0,3.208373
0,0,0,3.215121
0,0,0,3.222366
0,0,0,3.229561
0,0,0,3.23763
0,0,0,3.245824
0,0,0,3.253841
0,0,0,3.261972
0,0,0,3.269834
0,0,0,3.277955
0,0,0,3.286073
0,0,0,3.294145
0,0,0,3.301948
0,0,0,3.310104
0,0,0,3.317779
0,0,0,3.326035
0,0,0,3.333989
0,0,0,3.342071
0,0,0,3.350043
0,0,0,3.358442
0,0,0,3.366315
0,0,0,3.374519
0,0,0,3.382346
0,0,0,3.392225
0,0,0,3.40134
0,0,0,3.409698
0,0,0,3.417122
0,0,0,3.424519
0,0,0,3.431727
0,0,0,3.439026
0,0,0,3.446809
0,0,0,3.454611
0,0,0,3.463046
0,0,0,3.470688
0,0,0,3.478824
0,0,0,3.486712
0,0,0,3.4949
0,0,0,3.502992
0,0,0,3.510891
0,0,0,3.518646
0,0,0,3.52709
0,0,0,3.535056
0,0,0,3.543253
0,0,0,3.550928
0,0,0,3.559126
0,0,0,3.567963
0,0,0,3.575164
0,0,0,3.58323
0,0,0,3.592745
0,0,0,3.602159
0,0,0,3.611044
0,0,0,3.618288
0,0,0,3.62612
0,0,0,3.633178
0,0,0,3.640295
0,0,0,3.647764
0,0,0,3.656342
0,0,0,3.664115
0,0,0,3.672489
0,0,0,3.680378
0,0,0,3.688661
0,0,0,3.696694
0,0,0,3.704556
0,0,0,3.712418
0,0,0,3.720396
0,0,0,3.728712
0,0,0,3.737057
0,0,0,3.744956
0,0,0,3.753145
0,0,0,3.761478
0,0,0,3.769584
0,0,0,3.777689
0,0,0,3.785789
0,0,0,3.795391
0,0,0,3.804538
0,0,0,3.813406
0,0,0,3.820351
0,0,0,3.827881
0,0,0,3.835603
0,0,0,3.843153
0,0,0,3.850749
0,0,0,3.858979
0,0,0,3.866857
0,0,0,3.875418
0,0,0,3.883192
0,0,0,3.891684
0,0,0,3.899105
0,0,0,3.907162
0,0,0,3.914956
0,0,0,3.923152
0,0,0,3.931
0,0,0,3.939218
0,0,0,3.94711
0,0,0,3.954794
0,0,0,3.963036
0,0,0,3.971002
0,0,0,3.979114
0,0,0,3.98713
0,0,0,3.996437
0,0,0,4.006327
0,0,0,4.013764
0,0,0,4.021319
0,0,0,4.028451
0,0,0,4.035424
0,0,0,4.043991
0,0,0,4.051637
0,0,0,4.060032
0,0,0,4.06778
0,0,0,4.080611
0,0,0,4.08755
0,0,0,4.094592
0,0,0,4.102054
0,0,0,4.108975
0,0,0,4.116192
0,0,0,4.124335
0,0,0,4.131983
0,0,0,4.140058
0,0,0,4.147712
0,0,0,4.15594
0,0,0,4.163806
0,0,0,4.171928
0,0,0,4.180106
0,0,0,4.18784
0,0,0,4.197362
0,0,0,4.206487
0,0,0,4.214768
0,0,0,4.22189
0,0,0,4.22861
0,0,0,4.236294
0,0,0,4.244519
0,0,0,4.252596
0,0,0,4.261011
0,0,0,4.268981
0,0,0,4.276913
0,0,0,4.284768
0,0,0,4.292755
0,0,0,4.300745
0,0,0,4.30887
0,0,0,4.316818
0,0,0,4.324988
0,0,0,4.332861
0,0,0,4.340898
0,0,0,4.348908
0,0,0,4.357163
0,0,0,4.364811
0,0,0,4.373109
0,0,0,4.381273
0,0,0,4.388889
0,0,0,4.398108
0,0,0,4.407604
0,0,0,4.415904
0,0,0,4.423435
0,0,0,4.431051
0,0,0,4.438488
0,0,0,4.445846
0,0,0,4.453695
0,0,0,4.461789
0,0,0,4.469768
0,0,0,4.477648
0,0,0,4.485879
0,0,0,4.494058
0,0,0,4.501901
0,0,0,4.509878
0,0,0,4.517799
0,0,0,4.525893
0,0,0,4.533697
0,0,0,4.541957
0,0,0,4.549896
0,0,0,4.558041
0,0,0,4.56591
0,0,0,4.574353
0,0,0,4.582449
0,0,0,4.590683
0,0,0,4.599853
0,0,0,4.609211
0,0,0,4.617384
0,0,0,4.624523
0,0,0,4.63144
0,0,0,4.638322
0,0,0,4.646587
0,0,0,4.654551
0,0,0,4.662925
0,0,0,4.670772
0,0,0,4.678848
0,0,0,4.687724
0,0,0,4.695978
0,0,0,4.703657
0,0,0,4.71089
0,0,0,4.718688
0,0,0,4.726917
0,0,0,4.734924
0,0,0,4.743212
0,0,0,4.751074
0,0,0,4.759537
0,0,0,4.767315
0,0,0,4.775765
0,0,0,4.783574
0,0,0,4.791805
0,0,0,4.800872
0,0,0,4.811255
0,0,0,4.818686
0,0,0,4.82613
0,0,0,4.833321
0,0,0,4.840703
0,0,0,4.848902
0,0,0,4.857478
0,0,0,4.865283
0,0,0,4.873656
0,0,0,4.881827
0,0,0,4.890161
0,0,0,4.897931
0,0,0,4.905978
0,0,0,4.913871
0,0,0,4.921723
0,0,0,4.92988
0,0,0,4.93802
0,0,0,4.946103
0,0,0,4.953944
0,0,0,4.962238
0,0,0,4.970162
0,0,0,4.978506
0,0,0,4.98617
0,0,0,4.994292
0,0,0,5.003483
0,0,0,5.012691
0,0,0,5.020965
0,0,0,5.027539
0,0,0,5.034963
0,0,0,5.043296
0,0,0,5.051152
0,0,0,5.059525
0,0,0,5.067232
0,0,0,5.075463
0,0,0,5.083544
0,0,0,5.091593
0,0,0,5.099452
0,0,0,5.107882
0,0,0,5.115969
0,0,0,5.123783
0,0,0,5.13166
0,0,0,5.139897
0,0,0,5.147669
0,0,0,5.155553
0,0,0,5.163624
0,0,0,5.171663
0,0,0,5.179858
0,0,0,5.188344
0,0,0,5.195754
0,0,0,5.205827
0,0,0,5.215555
0,0,0,5.229567
0,0,0,5.236835
0,0,0,5.244802
0,0,0,5.251574
0,0,0,5.258157
0,0,0,5.265027
0,0,0,5.273162
0,0,0,5.28119
0,0,0,5.289048
0,0,0,5.297555
0,0,0,5.305392
0,0,0,5.313401
0,0,0,5.321235
0,0,0,5.329462
0,0,0,5.33726
0,0,0,5.34535
0,0,0,5.35355
0,0,0,5.362043
0,0,0,5.369672
0,0,0,5.377625
0,0,0,5.385468
0,0,0,5.393709
0,0,0,5.401834
0,0,0,5.411595
0,0,0,5.420904
0,0,0,5.429229
0,0,0,5.436219
0,0,0,5.443134
0,0,0,5.450335
0,0,0,5.45875
0,0,0,5.466605
0,0,0,5.475195
0,0,0,5.483022
0,0,0,5.491138
0,0,0,5.498951
0,0,0,5.507111
0,0,0,5.514827
0,0,0,5.523272
0,0,0,5.531064
0,0,0,5.539014
0,0,0,5.547298
0,0,0,5.555029
0,0,0,5.563159
0,0,0,5.571057
0,0,0,5.57934
0,0,0,5.587204
0,0,0,5.595211
0,0,0,5.603111
0,0,0,5.612642
0,0,0,5.622934
0,0,0,5.631247
0,0,0,5.639604
0,0,0,5.647306
0,0,0,5.65477
0,0,0,5.662343
0,0,0,5.669389
0,0,0,5.676582
0,0,0,5.684406
0,0,0,5.692571
0,0,0,5.700444
0,0,0,5.708591
0,0,0,5.716671
0,0,0,5.724782
0,0,0,5.732765
0,0,0,5.740909
0,0,0,5.748562
0,0,0,5.756767
0,0,0,5.764804
0,0,0,5.772662
0,0,0,5.780838
0,0,0,5.788712
0,0,0,5.796813
0,0,0,5.804751
0,0,0,5.814451
0,0,0,5.824005
0,0,0,5.832263
0,0,0,5.839486
0,0,0,5.846414
0,0,0,5.854157
0,0,0,5.862497
0,0,0,5.870422
0,0,0,5.878932
0,0,0,5.886834
0,0,0,5.894866
0,0,0,5.902589
0,0,0,5.911048
0,0,0,5.918823
0,0,0,5.927001
0,0,0,5.935113
0,0,0,5.943674
0,0,0,5.95162
0,0,0,5.959987
0,0,0,5.967803
0,0,0,5.976186
0,0,0,5.984836
0,0,0,5.992487
0,0,0,6.000344
0,0,0,6.008499
0,0,0,6.017861
0,0,0,6.028204
0,0,0,6.035374
0,0,0,6.042206
0,0,0,6.049262
0,0,0,6.057383
0,0,0,6.065233
0,0,0,6.073517
0,0,0,6.081389
0,0,0,6.089324
0,0,0,6.097455
0,0,0,6.105217
0,0,0,6.113436
0,0,0,6.121401
0,0,0,6.129486
0,0,0,6.13765
0,0,0,6.145473
0,0,0,6.153679
0,0,0,6.161545
0,0,0,6.169288
0,0,0,6.177656
0,0,0,6.185434
0,0,0,6.194316
0,0,0,6.201757
0,0,0,6.210004
0,0,0,6.219235
0,0,0,6.229276
0,0,0,6.236457
0,0,0,6.243433
0,0,0,6.250118
0,0,0,6.258669
0,0,0,6.266504
0,0,0,6.27486
0,0,0,6.282558
0,0,0,6.29088
0,0,0,6.298644
0,0,0,6.306835
0,0,0,6.314785
0,0,0,6.322581
0,0,0,6.330651
0,0,0,6.338398
0,0,0,6.346917
0,0,0,6.354776
0,0,0,6.362806
0,0,0,6.376923
0,0,0,6.38512
0,0,0,6.393209
0,0,0,6.400622
0,0,0,6.411431
0,0,0,6.419395
0,0,0,6.426308
0,0,0,6.433586
0,0,0,6.441385
0,0,0,6.448179
0,0,0,6.45526
0,0,0,6.463256
0,0,0,6.471327
0,0,0,6.479308
0,0,0,6.487238
0,0,0,6.495634
0,0,0,6.503812
0,0,0,6.511661
0,0,0,6.519419
0,0,0,6.527472
0,0,0,6.535251
0,0,0,6.543572
0,0,0,6.55156
0,0,0,6.559596
0,0,0,6.567459
0,0,0,6.575617
0,0,0,6.583522
0,0,0,6.592085
0,0,0,6.600869
0,0,0,6.608887
0,0,0,6.616044
0,0,0,6.625204
0,0,0,6.63459
0,0,0,6.642482
0,0,0,6.649306
0,0,0,6.658916
0,0,0,6.666758
0,0,0,6.674556
0,0,0,6.682029
0,0,0,6.690243
0,0,0,6.697443
0,0,0,6.704671
0,0,0,6.71272
0,0,0,6.720581
0,0,0,6.728748
0,0,0,6.736736
0,0,0,6.744946
0,0,0,6.75261
0,0,0,6.76085
0,0,0,6.768679
0,0,0,6.776838
0,0,0,6.785211
0,0,0,6.793156
0,0,0,6.800978
0,0,0,6.809175
0,0,0,6.81679
0,0,0,6.82637
0,0,0,6.835555
0,0,0,6.844337
0,0,0,6.852186
0,0,0,6.859643
0,0,0,6.866252
0,0,0,6.87342
0,0,0,6.88182
0,0,0,6.889797
0,0,0,6.898126
0,0,0,6.905976
0,0,0,6.914203
0,0,0,6.92289
0,0,0,6.932429
0,0,0,6.940407
0,0,0,6.947728
0,0,0,6.95469
0,0,0,6.962986
0,0,0,6.97081
0,0,0,6.979051
0,0,0,6.986753
0,0,0,6.994821
0,0,0,7.003134
0,0,0,7.011077
0,0,0,7.018777
0,0,0,7.028328
0,0,0,7.038509
0,0,0,7.046409
0,0,0,7.053591
0,0,0,7.060192
0,0,0,7.068245
0,0,0,7.076904
0,0,0,7.084928
0,0,0,7.093798
0,0,0,7.102201
0,0,0,7.109594
0,0,0,7.117505
0,0,0,7.125422
0,0,0,7.13322
0,0,0,7.141471
0,0,0,7.149281
0,0,0,7.157559
0,0,0,7.165402
0,0,0,7.173347
0,0,0,7.18137
0,0,0,7.189391
0,0,0,7.19748
0,0,0,7.20525
0,0,0,7.213682
0,0,0,7.22185
0,0,0,7.231359
0,0,0,7.240608
0,0,0,7.248446
0,0,0,7.255199
0,0,0,7.26215
0,0,0,7.270031
0,0,0,7.27867
0,0,0,7.286576
0,0,0,7.294968
0,0,0,7.302792
0,0,0,7.311011
0,0,0,7.318903
0,0,0,7.327332
0,0,0,7.335026
0,0,0,7.343436
0,0,0,7.351137
0,0,0,7.35931
0,0,0,7.367404
0,0,0,7.375554
0,0,0,7.383335
0,0,0,7.391587
0,0,0,7.39942
0,0,0,7.40742
0,0,0,7.415654
0,0,0,7.423967
0,0,0,7.433552
0,0,0,7.442817
0,0,0,7.45064
0,0,0,7.457974
0,0,0,7.465592
0,0,0,7.472708
0,0,0,7.480422
0,0,0,7.488276
0,0,0,7.496602
0,0,0,7.504511
0,0,0,7.51262
0,0,0,7.52523
0,0,0,7.53229
0,0,0,7.539255
0,0,0,7.545913
0,0,0,7.553553
0,0,0,7.561395
0,0,0,7.569333
0,0,0,7.577596
0,0,0,7.58538
0,0,0,7.593627
0,0,0,7.601664
0,0,0,7.609517
0,0,0,7.617425
0,0,0,7.625744
0,0,0,7.634663
0,0,0,7.645103
0,0,0,7.652885
0,0,0,7.660543
0,0,0,7.668178
0,0,0,7.675636
0,0,0,7.683078
0,0,0,7.690153
0,0,0,7.698863
0,0,0,7.706461
0,0,0,7.714697
0,0,0,7.722554
0,0,0,7.730648
0,0,0,7.738328
0,0,0,7.746349
0,0,0,7.754246
0,0,0,7.762338
0,0,0,7.770168
0,0,0,7.778313
0,0,0,7.786286
0,0,0,7.7945
0,0,0,7.802289
0,0,0,7.810529
0,0,0,7.81882
0,0,0,7.827375
0,0,0,7.836397
0,0,0,7.845748
0,0,0,7.853641
0,0,0,7.860742
0,0,0,7.867686
0,0,0,7.875843
0,0,0,7.883842
0,0,0,7.89197
0,0,0,7.899916
0,0,0,7.908304
0,0,0,7.916123
0,0,0,7.924245
0,0,0,7.932063
0,0,0,7.939767
0,0,0,7.948045
0,0,0,7.955921
0,0,0,7.964315
0,0,0,7.972637
0,0,0,7.980504
0,0,0,7.988444
0,0,0,7.996377
0,0,0,8.004496
0,0,0,8.012586
0,0,0,8.02043
0,0,0,8.028814
0,0,0,8.038077
0,0,0,8.04775
0,0,0,8.056261
0,0,0,8.063746
0,0,0,8.071005
0,0,0,8.078697
0,0,0,8.086031
0,0,0,8.094116
0,0,0,8.102247
0,0,0,8.11083
0,0,0,8.118457
0,0,0,8.12689
0,0,0,8.134867
0,0,0,8.142914
0,0,0,8.150904
0,0,0,8.159226
0,0,0,8.16729
0,0,0,8.17547
0,0,0,8.183698
0,0,0,8.191948
0,0,0,8.199942
0,0,0,8.207907
0,0,0,8.21568
0,0,0,8.223379
0,0,0,8.231473
0,0,0,8.241238
0,0,0,8.251081
0,0,0,8.259203
0,0,0,8.267306
0,0,0,8.274659
0,0,0,8.282325
0,0,0,8.28962
0,0,0,8.296627
0,0,0,8.30458
0,0,0,8.312895
0,0,0,8.320818
0,0,0,8.328892
0,0,0,8.336741
0,0,0,8.345047
0,0,0,8.352876
0,0,0,8.361103
0,0,0,8.368927
0,0,0,8.37711
0,0,0,8.384996
0,0,0,8.393359
0,0,0,8.401181
0,0,0,8.409594
0,0,0,8.417817
0,0,0,8.425778
0,0,0,8.436783
0,0,0,8.446881
0,0,0,8.456064
0,0,0,8.465919
0,0,0,8.474629
0,0,0,8.484233
0,0,0,8.49354
0,0,0,8.502357
0,0,0,8.511636
0,0,0,8.519977
0,0,0,8.528604
0,0,0,8.536586
0,0,0,8.5455
0,0,0,8.555698
0,0,0,8.563826
0,0,0,8.579935
0,0,0,8.588619
0,0,0,8.598082
0,0,0,8.605426
0,0,0,8.612922
0,0,0,8.621285
0,0,0,8.629622
0,0,0,8.63621
0,0,0,8.643297
0,0,0,8.652095
0,0,0,8.660041
0,0,0,8.668086
0,0,0,8.675813
0,0,0,8.682862
0,0,0,8.689725
0,0,0,8.697807
0,0,0,8.706017
0,0,0,8.71419
0,0,0,8.722288
0,0,0,8.730349
0,0,0,8.738094
0,0,0,8.746253
0,0,0,8.754045
0,0,0,8.762159
0,0,0,8.770082
0,0,0,8.77826
0,0,0,8.786132
0,0,0,8.794142
0,0,0,8.802173
0,0,0,8.810493
0,0,0,8.818578
0,0,0,8.82653
0,0,0,8.834641
0,0,0,8.842944
0,0,0,8.851001
0,0,0,8.859757
0,0,0,8.869381
0,0,0,8.876763
0,0,0,8.883359
0,0,0,8.89041
0,0,0,8.898465
0,0,0,8.906755
0,0,0,8.914849
0,0,0,8.923143
0,0,0,8.930841
0,0,0,8.938628
0,0,0,8.946749
0,0,0,8.954719
0,0,0,8.963198
0,0,0,8.970715
0,0,0,8.978846
0,0,0,8.986529
0,0,0,8.994879
0,0,0,9.00276
0,0,0,9.010902
0,0,0,9.019174
0,0,0,9.02708
0,0,0,9.034916
0,0,0,9.042987
0,0,0,9.050795
0,0,0,9.059229
0,0,0,9.068134
0,0,0,9.077377
0,0,0,9.085915
0,0,0,9.093221
0,0,0,9.100692
0,0,0,9.108739
0,0,0,9.11699
0,0,0,9.124861
0,0,0,9.132346
0,0,0,9.140212
0,0,0,9.148237
0,0,0,9.156453
0,0,0,9.164147
0,0,0,9.172372
0,0,0,9.180148
0,0,0,9.188096
0,0,0,9.196204
0,0,0,9.204751
0,0,0,9.212573
0,0,0,9.220488
0,0,0,9.229253
0,0,0,9.237139
0,0,0,9.244846
0,0,0,9.252792
0,0,0,9.261073
0,0,0,9.270592
0,0,0,9.281156
0,0,0,9.289145
0,0,0,9.296861
0,0,0,9.304931
0,0,0,9.312524
0,0,0,9.319763
0,0,0,9.327024
0,0,0,9.334528
0,0,0,9.342723
0,0,0,9.35075
0,0,0,9.358983
0,0,0,9.366716
0,0,0,9.374621
0,0,0,9.38272
0,0,0,9.390758
0,0,0,9.398762
0,0,0,9.406712
0,0,0,9.415003
0,0,0,9.423186
0,0,0,9.431357
0,0,0,9.439386
0,0,0,9.447798
0,0,0,9.456071
0,0,0,9.464417
0,0,0,9.473893
0,0,0,9.483275
0,0,0,9.491322
0,0,0,9.498462
0,0,0,9.505437
0,0,0,9.513324
0,0,0,9.521375
0,0,0,9.529767
0,0,0,9.537617
0,0,0,9.54617
0,0,0,9.553771
0,0,0,9.562273
0,0,0,9.570024
0,0,0,9.578514
0,0,0,9.586444
0,0,0,9.594555
0,0,0,9.602744
0,0,0,9.611061
0,0,0,9.618908
0,0,0,9.627339
0,0,0,9.635175
0,0,0,9.643492
0,0,0,9.65108
0,0,0,9.659104
0,0,0,9.668605
0,0,0,9.677089
0,0,0,9.686902
0,0,0,9.695726
0,0,0,9.710397
0,0,0,9.717907
0,0,0,9.725373
0,0,0,9.733689
0,0,0,9.743434
0,0,0,9.75401
0,0,0,9.762768
0,0,0,9.771038
0,0,0,9.782793
0,0,0,9.790611
0,0,0,9.798422
0,0,0,9.806316
0,0,0,9.814713
0,0,0,9.82281
0,0,0,9.831147
0,0,0,9.838809
0,0,0,9.847907
0,0,0,9.855371
0,0,0,9.864325
0,0,0,9.872705
0,0,0,9.882463
0,0,0,9.892187
0,0,0,9.900161
0,0,0,9.907954
0,0,0,9.915179
0,0,0,9.92249
0,0,0,9.930552
0,0,0,9.938278
0,0,0,9.947153
0,0,0,9.95512
0,0,0,9.963506
0,0,0,9.971108
0,0,0,9.980312
0,0,0,9.988464
0,0,0,9.996861
0,0,0,10.00461
0,0,0,10.0135
0,0,0,10.02141
0,0,0,10.03037
0,0,0,10.03766
0,0,0,10.04655
0,0,0,10.05424
0,0,0,10.06305
0,0,0,10.07073
0,0,0,10.079
0,0,0,10.08802
0,0,0,10.09796
0,0,0,10.10605
0,0,0,10.11316
0,0,0,10.12017
0,0,0,10.12888
0,0,0,10.1369
0,0,0,10.1448
0,0,0,10.15282
0,0,0,10.16117
0,0,0,10.16909
0,0,0,10.17731
0,0,0,10.1854
0,0,0,10.19385
0,0,0,10.20187
0,0,0,10.21012
0,0,0,10.21801
0,0,0,10.22641
0,0,0,10.23423
0,0,0,10.24284
0,0,0,10.25085
0,0,0,10.25867
0,0,0,10.26667
0,0,0,10.27462
0,0,0,10.28302
0,0,0,10.29247
0,0,0,10.30295
0,0,0,10.31114
0,0,0,10.31851
0,0,0,10.32581
0,0,0,10.33342
0,0,0,10.34078
0,0,0,10.34798
0,0,0,10.35685
0,0,0,10.36508
0,0,0,10.37309
0,0,0,10.38109
0,0,0,10.38945
0,0,0,10.39713
0,0,0,10.40506
0,0,0,10.41367
0,0,0,10.42221
0,0,0,10.43044
0,0,0,10.43889
0,0,0,10.44761
0,0,0,10.45629
0,0,0,10.46503
0,0,0,10.47336
0,0,0,10.48204
0,0,0,10.49136
0,0,0,10.5012
0,0,0,10.51144
0,0,0,10.5199
0,0,0,10.5282
0,0,0,10.53605
0,0,0,10.5442
0,0,0,10.55206
0,0,0,10.56021
0,0,0,10.56781
0,0,0,10.57569
0,0,0,10.58462
0,0,0,10.59316
0,0,0,10.60204
0,0,0,10.61193
0,0,0,10.61999
0,0,0,10.62874
0,0,0,10.63794
0,0,0,10.64792
0,0,0,10.65601
0,0,0,10.6661
0,0,0,10.67419
0,0,0,10.68242
0,0,0,10.69065
0,0,0,10.69933
0,0,0,10.71094
0,0,0,10.72069
0,0,0,10.7295
0,0,0,10.73711
0,0,0,10.74862
0,0,0,10.75718
0,0,0,10.76623
0,0,0,10.77415
0,0,0,10.78546
0,0,0,10.79425
0,0,0,10.80159
0,0,0,10.80969
0,0,0,10.81705
0,0,0,10.82522
0,0,0,10.83306
0,0,0,10.84104
0,0,0,10.8486
0,0,0,10.8569
0,0,0,10.86517
0,0,0,10.87332
0,0,0,10.88242
0,0,0,10.89004
0,0,0,10.89757
0,0,0,10.91069
0,0,0,10.9193
0,0,0,10.92695
0,0,0,10.93488
0,0,0,10.9421
0,0,0,10.9502
0,0,0,10.95811
0,0,0,10.96595
0,0,0,10.9743
0,0,0,10.98172
0,0,0,10.98933
0,0,0,10.99644
0,0,0,11.00393
0,0,0,11.01212
0,0,0,11.02057
0,0,0,11.02848
0,0,0,11.03624
0,0,0,11.04459
0,0,0,11.0522
0,0,0,11.06021
0,0,0,11.06813
0,0,0,11.07604
0,0,0,11.08433
0,0,0,11.09224
0,0,0,11.10114
0,0,0,11.10869
0,0,0,11.11659
0,0,0,11.1257
0,0,0,11.13487
0,0,0,11.1435
0,0,0,11.15039
0,0,0,11.15746
0,0,0,11.16506
0,0,0,11.17329
0,0,0,11.18165
0,0,0,11.1894
0,0,0,11.19782
0,0,0,11.20557
0,0,0,11.21387
0,0,0,11.2219
0,0,0,11.23004
0,0,0,11.23844
0,0,0,11.24728
0,0,0,11.25509
0,0,0,11.26377
0,0,0,11.2719
0,0,0,11.28091
0,0,0,11.28893
0,0,0,11.29719
0,0,0,11.30501
0,0,0,11.31369
0,0,0,11.32156
0,0,0,11.33179
0,0,0,11.34146
0,0,0,11.3496
0,0,0,11.35691
0,0,0,11.36476
0,0,0,11.3721
0,0,0,11.38082
0,0,0,11.38892
0,0,0,11.39802
0,0,0,11.40568
0,0,0,11.41464
0,0,0,11.42279
0,0,0,11.43155
0,0,0,11.43934
0,0,0,11.448
0,0,0,11.45594
0,0,0,11.46476
0,0,0,11.47267
0,0,0,11.48139
0,0,0,11.48918
0,0,0,11.49825
0,0,0,11.50606
0,0,0,11.51499
0,0,0,11.52307
0,0,0,11.53402
0,0,0,11.54447
0,0,0,11.5524
0,0,0,11.56018
0,0,0,11.56784
0,0,0,11.57563
0,0,0,11.58354
0,0,0,11.5915
0,0,0,11.60037
0,0,0,11.60835
0,0,0,11.61705
0,0,0,11.62529
0,0,0,11.63396
0,0,0,11.64209
0,0,0,11.65016
0,0,0,11.6583
0,0,0,11.66644
0,0,0,11.67462
0,0,0,11.68264
0,0,0,11.69089
0,0,0,11.69887
0,0,0,11.70734
0,0,0,11.716
0,0,0,11.72402
0,0,0,11.73489
0,0,0,11.74464
0,0,0,11.75283
0,0,0,11.7613
0,0,0,11.76969
0,0,0,11.77823
0,0,0,11.78609
0,0,0,11.79393
0,0,0,11.80134
0,0,0,11.8095
0,0,0,11.81777
0,0,0,11.82602
0,0,0,11.83389
0,0,0,11.84201
0,0,0,11.85059
0,0,0,11.85927
0,0,0,11.86778
0,0,0,11.87645
0,0,0,11.88464
0,0,0,11.89313
0,0,0,11.90101
0,0,0,11.90956
0,0,0,11.918
0,0,0,11.92626
0,0,0,11.93644
0,0,0,11.94575
0,0,0,11.9544
0,0,0,11.96279
0,0,0,11.97018
0,0,0,11.97794
0,0,0,11.98598
0,0,0,11.99485
0,0,0,12.00301
0,0,0,12.0115
0,0,0,12.01988
0,0,0,12.02853
0,0,0,12.03656
0,0,0,12.04562
0,0,0,12.0534
0,0,0,12.06209
0,0,0,12.07042
0,0,0,12.0786
0,0,0,12.08706
0,0,0,12.10231
0,0,0,12.11062
0,0,0,12.11874
0,0,0,12.12665
0,0,0,12.13601
0,0,0,12.14495
0,0,0,12.15278
0,0,0,12.16227
0,0,0,12.17061
0,0,0,12.17932
0,0,0,12.18723
0,0,0,12.19689
0,0,0,12.205
0,0,0,12.21496
0,0,0,12.22303
0,0,0,12.23207
0,0,0,12.23965
0,0,0,12.24798
0,0,0,12.25669
0,0,0,12.26488
0,0,0,12.27259
0,0,0,12.28093
0,0,0,12.28855
0,0,0,12.29688
0,0,0,12.30476
0,0,0,12.31301
0,0,0,12.32066
0,0,0,12.32935
0,0,0,12.33921
0,0,0,12.3492
0,0,0,12.35747
0,0,0,12.36707
0,0,0,12.37528
0,0,0,12.38349
0,0,0,12.39147
0,0,0,12.39916
0,0,0,12.40625
0,0,0,12.41492
0,0,0,12.42323
0,0,0,12.43222
0,0,0,12.43983
0,0,0,12.44764
0,0,0,12.45557
0,0,0,12.46441
0,0,0,12.47281
0,0,0,12.48147
0,0,0,12.48909
0,0,0,12.49786
0,0,0,12.50591
0,0,0,12.51444
0,0,0,12.52249
0,0,0,12.53115
0,0,0,12.54041
0,0,0,12.55091
0,0,0,12.55877
0,0,0,12.56617
0,0,0,12.57349
0,0,0,12.58172
0,0,0,12.58979
0,0,0,12.59824
0,0,0,12.60594
0,0,0,12.61456
0,0,0,12.62246
0,0,0,12.63139
0,0,0,12.63921
0,0,0,12.64768
0,0,0,12.65618
0,0,0,12.66515
0,0,0,12.67351
0,0,0,12.68149
0,0,0,12.68992
0,0,0,12.69826
0,0,0,12.70606
0,0,0,12.71594
0,0,0,12.72419
0,0,0,12.73211
0,0,0,12.74099
0,0,0,12.75109
0,0,0,12.75937
0,0,0,12.76692
0,0,0,12.7746
0,0,0,12.7826
0,0,0,12.7906
0,0,0,12.79838
0,0,0,12.80565
0,0,0,12.81445
0,0,0,12.82268
0,0,0,12.83119
0,0,0,12.83873
0,0,0,12.84708
0,0,0,12.85524
0,0,0,12.86407
0,0,0,12.87189
0,0,0,12.88048
0,0,0,12.88861
0,0,0,12.8973
0,0,0,12.90529
0,0,0,12.91411
0,0,0,12.92212
0,0,0,12.93097
0,0,0,12.93911
0,0,0,12.94893
0,0,0,12.95925
0,0,0,12.9673
0,0,0,12.97443
0,0,0,12.98206
0,0,0,12.99
0,0,0,12.99903
0,0,0,13.00664
0,0,0,13.01571
0,0,0,13.02335
0,0,0,13.03236
0,0,0,13.03995
0,0,0,13.0488
0,0,0,13.05659
0,0,0,13.06554
0,0,0,13.07317
0,0,0,13.08204
0,0,0,13.08966
0,0,0,13.0984
0,0,0,13.10603
0,0,0,13.11494
0,0,0,13.12262
0,0,0,13.13142
0,0,0,13.13919
0,0,0,13.15004
0,0,0,13.1598
0,0,0,13.1679
0,0,0,13.17582
0,0,0,13.18324
0,0,0,13.19058
0,0,0,13.19878
0,0,0,13.20629
0,0,0,13.21507
0,0,0,13.22303
0,0,0,13.23202
0,0,0,13.2401
0,0,0,13.2483
0,0,0,13.25631
0,0,0,13.26461
0,0,0,13.2735
0,0,0,13.28204
0,0,0,13.29799
0,0,0,13.30542
0,0,0,13.31336
0,0,0,13.32076
0,0,0,13.32872
0,0,0,13.33715
0,0,0,13.34547
0,0,0,13.35496
0,0,0,13.36443
0,0,0,13.37257
0,0,0,13.38103
0,0,0,13.38843
0,0,0,13.39626
0,0,0,13.40438
0,0,0,13.41318
0,0,0,13.42114
0,0,0,13.42996
0,0,0,13.438
0,0,0,13.44695
0,0,0,13.45564
0,0,0,13.46458
0,0,0,13.47272
0,0,0,13.48091
0,0,0,13.48864
0,0,0,13.49714
0,0,0,13.50525
0,0,0,13.51404
0,0,0,13.52198
0,0,0,13.5306
0,0,0,13.53864
0,0,0,13.54719
0,0,0,13.55686
0,0,0,13.56724
0,0,0,13.57593
0,0,0,13.58511
0,0,0,13.59279
0,0,0,13.60051
0,0,0,13.6081
0,0,0,13.6171
0,0,0,13.624
0,0,0,13.6322
0,0,0,13.64017
0,0,0,13.64756
0,0,0,13.65561
0,0,0,13.66479
0,0,0,13.67272
0,0,0,13.68114
0,0,0,13.68896
0,0,0,13.69759
0,0,0,13.70543
0,0,0,13.71432
0,0,0,13.72311
0,0,0,13.73119
0,0,0,13.73911
0,0,0,13.74723
0,0,0,13.75667
0,0,0,13.76736
0,0,0,13.77433
0,0,0,13.78209
0,0,0,13.78999
0,0,0,13.79803
0,0,0,13.80603
0,0,0,13.81507
0,0,0,13.8227
0,0,0,13.83142
0,0,0,13.83908
0,0,0,13.84756
0,0,0,13.85549
0,0,0,13.8638
0,0,0,13.87198
0,0,0,13.88032
0,0,0,13.88794
0,0,0,13.89635
0,0,0,13.90417
0,0,0,13.91198
0,0,0,13.91977
0,0,0,13.92767
0,0,0,13.93585
0,0,0,13.94437
0,0,0,13.95283
0,0,0,13.96179
0,0,0,13.97154
0,0,0,13.97927
0,0,0,13.98679
0,0,0,13.99428
0,0,0,14.00152
0,0,0,14.00947
0,0,0,14.01779
0,0,0,14.02588
0,0,0,14.03398
0,0,0,14.04183
0,0,0,14.05024
0,0,0,14.05781
0,0,0,14.06656
0,0,0,14.07425
0,0,0,14.08269
0,0,0,14.09066
0,0,0,14.09892
0,0,0,14.10669
0,0,0,14.11495
0,0,0,14.12293
0,0,0,14.13102
0,0,0,14.13921
0,0,0,14.14745
0,0,0,14.1552
0,0,0,14.16484
0,0,0,14.17389
0,0,0,14.18263
0,0,0,14.18997
0,0,0,14.19777
0,0,0,14.20491
0,0,0,14.21238
0,0,0,14.22021
0,0,0,14.22865
0,0,0,14.2367
0,0,0,14.24466
0,0,0,14.25312
0,0,0,14.26088
0,0,0,14.26931
0,0,0,14.2773
0,0,0,14.28577
0,0,0,14.29348
0,0,0,14.30188
0,0,0,14.30965
0,0,0,14.31766
0,0,0,14.32569
0,0,0,14.33382
0,0,0,14.34178
0,0,0,14.34993
0,0,0,14.35789
0,0,0,14.36744
0,0,0,14.37666
0,0,0,14.38476
0,0,0,14.392
0,0,0,14.39953
0,0,0,14.40674
0,0,0,14.415
0,0,0,14.42284
0,0,0,14.43109
0,0,0,14.43904
0,0,0,14.44722
0,0,0,14.45513
0,0,0,14.46847
0,0,0,14.47558
0,0,0,14.48261
0,0,0,14.48959
0,0,0,14.49667
0,0,0,14.50367
0,0,0,14.5122
0,0,0,14.5198
0,0,0,14.52812
0,0,0,14.53576
0,0,0,14.5438
0,0,0,14.55183
0,0,0,14.55968
0,0,0,14.56903
0,0,0,14.57841
0,0,0,14.58688
0,0,0,14.59472
0,0,0,14.60226
0,0,0,14.60945
0,0,0,14.61707
0,0,0,14.62481
0,0,0,14.63354
0,0,0,14.64151
0,0,0,14.64946
0,0,0,14.65748
0,0,0,14.66575
0,0,0,14.67355
0,0,0,14.68222
0,0,0,14.69008
0,0,0,14.69839
0,0,0,14.70634
0,0,0,14.71403
0,0,0,14.72198
0,0,0,14.73003
0,0,0,14.73798
0,0,0,14.74617
0,0,0,14.75393
0,0,0,14.76215
0,0,0,14.7716
0,0,0,14.78115
0,0,0,14.7892
0,0,0,14.79636
0,0,0,14.80284
0,0,0,14.81067
0,0,0,14.81905
0,0,0,14.82702
0,0,0,14.83542
0,0,0,14.84363
0,0,0,14.85173
0,0,0,14.85966
0,0,0,14.8676
0,0,0,14.87567
0,0,0,14.88392
0,0,0,14.89196
0,0,0,14.89995
0,0,0,14.90817
0,0,0,14.91653
0,0,0,14.92435
0,0,0,14.93302
0,0,0,14.94073
0,0,0,14.95017
0,0,0,14.95744
0,0,0,14.96531
0,0,0,14.97452
0,0,0,14.98495
0,0,0,14.99334
0,0,0,15.00025
0,0,0,15.00743
0,0,0,15.01451
0,0,0,15.02237
0,0,0,15.03065
0,0,0,15.03843
0,0,0,15.04665
0,0,0,15.05459
0,0,0,15.06285
0,0,0,15.07094
0,0,0,15.07878
0,0,0,15.08671
0,0,0,15.09478
0,0,0,15.10288
0,0,0,15.11075
0,0,0,15.11889
0,0,0,15.12706
0,0,0,15.13508
0,0,0,15.14306
0,0,0,15.15086
0,0,0,15.15881
0,0,0,15.1669
0,0,0,15.17617
0,0,0,15.18674
0,0,0,15.19448
0,0,0,15.20191
0,0,0,15.20941
0,0,0,15.21702
0,0,0,15.22503
0,0,0,15.23216
0,0,0,15.24002
0,0,0,15.24814
0,0,0,15.25635
0,0,0,15.26478
0,0,0,15.27296
0,0,0,15.28071
0,0,0,15.28819
0,0,0,15.29646
0,0,0,15.30416
0,0,0,15.3125
0,0,0,15.32047
0,0,0,15.32844
0,0,0,15.33644
0,0,0,15.34439
0,0,0,15.35244
0,0,0,15.36042
0,0,0,15.36843
0,0,0,15.37788
0,0,0,15.38738
0,0,0,15.39543
0,0,0,15.40253
0,0,0,15.40978
0,0,0,15.41718
0,0,0,15.42516
0,0,0,15.43385
0,0,0,15.44177
0,0,0,15.44966
0,0,0,15.45755
0,0,0,15.4657
0,0,0,15.47361
0,0,0,15.48202
0,0,0,15.48967
0,0,0,15.49786
0,0,0,15.5059
0,0,0,15.5139
0,0,0,15.52182
0,0,0,15.53061
0,0,0,15.53865
0,0,0,15.5468
0,0,0,15.55465
0,0,0,15.56235
0,0,0,15.57028
0,0,0,15.57952
0,0,0,15.58887
0,0,0,15.59717
0,0,0,15.60432
0,0,0,15.61204
0,0,0,15.62589
0,0,0,15.63382
0,0,0,15.64106
0,0,0,15.64836
0,0,0,15.65553
0,0,0,15.66282
0,0,0,15.67025
0,0,0,15.6782
0,0,0,15.68638
0,0,0,15.69437
0,0,0,15.70257
0,0,0,15.71069
0,0,0,15.7187
0,0,0,15.72673
0,0,0,15.73492
0,0,0,15.74309
0,0,0,15.75094
0,0,0,15.75884
0,0,0,15.76719
0,0,0,15.77486
0,0,0,15.78448
0,0,0,15.7944
0,0,0,15.80259
0,0,0,15.81072
0,0,0,15.81811
0,0,0,15.82502
0,0,0,15.83221
0,0,0,15.83988
0,0,0,15.84834
0,0,0,15.85636
0,0,0,15.86453
0,0,0,15.87233
0,0,0,15.88073
0,0,0,15.88849
0,0,0,15.89731
0,0,0,15.90508
0,0,0,15.91281
0,0,0,15.92061
0,0,0,15.9287
0,0,0,15.93684
0,0,0,15.94537
0,0,0,15.95323
0,0,0,15.96089
0,0,0,15.96921
0,0,0,15.97723
0,0,0,15.98691
0,0,0,15.99612
0,0,0,16.00429
0,0,0,16.01159
0,0,0,16.01866
0,0,0,16.02606
0,0,0,16.03471
0,0,0,16.04268
0,0,0,16.05147
0,0,0,16.05924
0,0,0,16.06738
0,0,0,16.07543
0,0,0,16.08387
0,0,0,16.09162
0,0,0,16.10016
0,0,0,16.10782
0,0,0,16.11599
0,0,0,16.12392
0,0,0,16.13204
0,0,0,16.13984
0,0,0,16.14815
0,0,0,16.15595
0,0,0,16.16419
0,0,0,16.17216
0,0,0,16.1802
0,0,0,16.18949
0,0,0,16.19961
0,0,0,16.20719
0,0,0,16.21481
0,0,0,16.22237
0,0,0,16.23009
0,0,0,16.23804
0,0,0,16.24543
0,0,0,16.25319
0,0,0,16.26101
0,0,0,16.26928
0,0,0,16.27726
0,0,0,16.28532
0,0,0,16.29338
0,0,0,16.30189
0,0,0,16.30932
0,0,0,16.31785
0,0,0,16.32546
0,0,0,16.33368
0,0,0,16.34145
0,0,0,16.34982
0,0,0,16.35783
0,0,0,16.36588
0,0,0,16.37371
0,0,0,16.38216
0,0,0,16.39157
0,0,0,16.40179
0,0,0,16.4091
0,0,0,16.41624
0,0,0,16.42317
0,0,0,16.43102
0,0,0,16.4389
0,0,0,16.44718
0,0,0,16.45531
0,0,0,16.46341
0,0,0,16.47116
0,0,0,16.47907
0,0,0,16.48763
0,0,0,16.49549
0,0,0,16.50379
0,0,0,16.51154
0,0,0,16.51944
0,0,0,16.52736
0,0,0,16.53529
0,0,0,16.54335
0,0,0,16.55147
0,0,0,16.55989
0,0,0,16.56764
0,0,0,16.57542
0,0,0,16.5838
0,0,0,16.59311
0,0,0,16.60281
0,0,0,16.6102
0,0,0,16.61709
0,0,0,16.62405
0,0,0,16.63266
0,0,0,16.64095
0,0,0,16.64905
0,0,0,16.65686
0,0,0,16.66523
0,0,0,16.6729
0,0,0,16.68106
0,0,0,16.68905
0,0,0,16.69747
0,0,0,16.70556
0,0,0,16.71479
0,0,0,16.72246
0,0,0,16.73014
0,0,0,16.73731
0,0,0,16.74524
0,0,0,16.75349
0,0,0,16.76145
0,0,0,16.76985
0,0,0,16.78553
0,0,0,16.79577
0,0,0,16.80344
0,0,0,16.8103
0,0,0,16.81868
0,0,0,16.82743
0,0,0,16.83636
0,0,0,16.8442
0,0,0,16.85147
0,0,0,16.85839
0,0,0,16.8663
0,0,0,16.87331
0,0,0,16.88057
0,0,0,16.88801
0,0,0,16.89578
0,0,0,16.90409
0,0,0,16.91195
0,0,0,16.91998
0,0,0,16.92798
0,0,0,16.93624
0,0,0,16.94419
0,0,0,16.95219
0,0,0,16.96007
0,0,0,16.96828
0,0,0,16.97683
0,0,0,16.98454
0,0,0,16.99246
0,0,0,17.00234
0,0,0,17.01243
0,0,0,17.02004
0,0,0,17.02764
0,0,0,17.03501
0,0,0,17.04189
0,0,0,17.04963
0,0,0,17.05729
0,0,0,17.0658
0,0,0,17.07378
0,0,0,17.08204
0,0,0,17.08987
0,0,0,17.0981
0,0,0,17.10628
0,0,0,17.1146
0,0,0,17.12268
0,0,0,17.13086
0,0,0,17.1387
0,0,0,17.14673
0,0,0,17.15469
0,0,0,17.16273
0,0,0,17.17109
0,0,0,17.17888
0,0,0,17.18722
0,0,0,17.19508
0,0,0,17.20442
0,0,0,17.21396
0,0,0,17.22201
0,0,0,17.22921
0,0,0,17.23625
0,0,0,17.24377
0,0,0,17.25215
0,0,0,17.25978
0,0,0,17.2686
0,0,0,17.27631
0,0,0,17.28475
0,0,0,17.2924
0,0,0,17.30062
0,0,0,17.30847
0,0,0,17.31709
0,0,0,17.32469
0,0,0,17.33283
0,0,0,17.34078
0,0,0,17.34895
0,0,0,17.35682
0,0,0,17.36506
0,0,0,17.37282
0,0,0,17.38127
0,0,0,17.38898
0,0,0,17.39716
0,0,0,17.40649
0,0,0,17.41656
0,0,0,17.4247
0,0,0,17.43292
0,0,0,17.44023
0,0,0,17.44749
0,0,0,17.45488
0,0,0,17.46237
0,0,0,17.47039
0,0,0,17.4782
0,0,0,17.48638
0,0,0,17.49446
0,0,0,17.5026
0,0,0,17.51045
0,0,0,17.51891
0,0,0,17.52665
0,0,0,17.53472
0,0,0,17.54249
0,0,0,17.55054
0,0,0,17.55893
0,0,0,17.56724
0,0,0,17.57509
0,0,0,17.58302
0,0,0,17.59093
0,0,0,17.59899
0,0,0,17.60817
0,0,0,17.61787
0,0,0,17.62563
0,0,0,17.63231
0,0,0,17.63972
0,0,0,17.64831
0,0,0,17.65616
0,0,0,17.66437
0,0,0,17.6722
0,0,0,17.68036
0,0,0,17.68825
0,0,0,17.69606
0,0,0,17.70457
0,0,0,17.71301
0,0,0,17.72121
0,0,0,17.7286
0,0,0,17.73658
0,0,0,17.74469
0,0,0,17.7527
0,0,0,17.76049
0,0,0,17.76861
0,0,0,17.77635
0,0,0,17.78495
0,0,0,17.79342
0,0,0,17.80139
0,0,0,17.81057
0,0,0,17.82051
0,0,0,17.82838
0,0,0,17.83524
0,0,0,17.84286
0,0,0,17.85076
0,0,0,17.85857
0,0,0,17.86663
0,0,0,17.87454
0,0,0,17.88267
0,0,0,17.89051
0,0,0,17.899
0,0,0,17.907
0,0,0,17.91519
0,0,0,17.92995
0,0,0,17.93677
0,0,0,17.94361
0,0,0,17.95066
0,0,0,17.95775
0,0,0,17.96512
0,0,0,17.9727
0,0,0,17.98084
0,0,0,17.98865
0,0,0,17.99689
0,0,0,18.0047
0,0,0,18.01399
0,0,0,18.02377
0,0,0,18.03142
0,0,0,18.03853
0,0,0,18.04564
0,0,0,18.05383
0,0,0,18.06166
0,0,0,18.07014
0,0,0,18.07841
0,0,0,18.08623
0,0,0,18.09421
0,0,0,18.10228
0,0,0,18.11002
0,0,0,18.11851
0,0,0,18.12621
0,0,0,18.13471
0,0,0,18.14255
0,0,0,18.15079
0,0,0,18.15851
0,0,0,18.16692
0,0,0,18.17491
0,0,0,18.18299
0,0,0,18.19087
0,0,0,18.19906
0,0,0,18.20741
0,0,0,18.21681
0,0,0,18.22588
0,0,0,18.23631
0,0,0,18.24337
0,0,0,18.25064
0,0,0,18.25793
0,0,0,18.26548
0,0,0,18.27288
0,0,0,18.28166
0,0,0,18.28944
0,0,0,18.29766
0,0,0,18.30536
0,0,0,18.31321
0,0,0,18.32149
0,0,0,18.32939
0,0,0,18.33739
0,0,0,18.34557
0,0,0,18.3538
0,0,0,18.36194
0,0,0,18.36982
0,0,0,18.3776
0,0,0,18.38574
0,0,0,18.39367
0,0,0,18.40178
0,0,0,18.4096
0,0,0,18.41934
0,0,0,18.42941
0,0,0,18.43729
0,0,0,18.44497
0,0,0,18.45227
0,0,0,18.45982
0,0,0,18.46687
0,0,0,18.47497
0,0,0,18.48348
0,0,0,18.49122
0,0,0,18.4996
0,0,0,18.50721
0,0,0,18.51549
0,0,0,18.52325
0,0,0,18.5315
0,0,0,18.53947
0,0,0,18.54764
0,0,0,18.55552
0,0,0,18.56349
0,0,0,18.57162
0,0,0,18.5794
0,0,0,18.58781
0,0,0,18.59585
0,0,0,18.60398
0,0,0,18.61201
0,0,0,18.62113
0,0,0,18.63055
0,0,0,18.63884
0,0,0,18.64623
0,0,0,18.65378
0,0,0,18.66051
0,0,0,18.66884
0,0,0,18.67632
0,0,0,18.68503
0,0,0,18.69293
0,0,0,18.70117
0,0,0,18.70902
0,0,0,18.7172
0,0,0,18.72506
0,0,0,18.73396
0,0,0,18.74228
0,0,0,18.74943
0,0,0,18.75739
0,0,0,18.76556
0,0,0,18.77332
0,0,0,18.78168
0,0,0,18.78946
0,0,0,18.79774
0,0,0,18.80554
0,0,0,18.81333
0,0,0,18.82332
0,0,0,18.83276
0,0,0,18.84075
0,0,0,18.84848
0,0,0,18.85576
0,0,0,18.86289
0,0,0,18.87047
0,0,0,18.87842
0,0,0,18.887
0,0,0,18.89488
0,0,0,18.90294
0,0,0,18.91116
0,0,0,18.91911
0,0,0,18.92701
0,0,0,18.93545
0,0,0,18.94325
0,0,0,18.95143
0,0,0,18.9592
0,0,0,18.96743
0,0,0,18.97555
0,0,0,18.98361
0,0,0,18.99182
0,0,0,19.00013
0,0,0,19.00823
0,0,0,19.01613
0,0,0,19.02543
0,0,0,19.03522
0,0,0,19.04286
0,0,0,19.05011
0,0,0,19.05669
0,0,0,19.06491
0,0,0,19.07273
0,0,0,19.08592
0,0,0,19.09314
0,0,0,19.10017
0,0,0,19.10731
0,0,0,19.11459
0,0,0,19.12207
0,0,0,19.12989
0,0,0,19.13803
0,0,0,19.14602
0,0,0,19.15484
0,0,0,19.16249
0,0,0,19.17011
0,0,0,19.1781
0,0,0,19.18641
0,0,0,19.19411
0,0,0,19.20242
0,0,0,19.21007
0,0,0,19.21846
0,0,0,19.22803
0,0,0,19.23851
0,0,0,19.24695
0,0,0,19.25492
0,0,0,19.26288
0,0,0,19.2702
0,0,0,19.27753
0,0,0,19.28461
0,0,0,19.29198
0,0,0,19.30039
0,0,0,19.30821
0,0,0,19.31695
0,0,0,19.32466
0,0,0,19.33312
0,0,0,19.34119
0,0,0,19.34943
0,0,0,19.35703
0,0,0,19.36559
0,0,0,19.37325
0,0,0,19.38147
0,0,0,19.38928
0,0,0,19.39727
0,0,0,19.40564
0,0,0,19.41361
0,0,0,19.42186
0,0,0,19.43113
0,0,0,19.4409
0,0,0,19.44835
0,0,0,19.45547
0,0,0,19.46264
0,0,0,19.47078
0,0,0,19.47855
0,0,0,19.48673
0,0,0,19.49483
0,0,0,19.50288
0,0,0,19.51097
0,0,0,19.51954
0,0,0,19.5275
0,0,0,19.5352
0,0,0,19.54297
0,0,0,19.55111
0,0,0,19.55906
0,0,0,19.56736
0,0,0,19.57509
0,0,0,19.58333
0,0,0,19.5915
0,0,0,19.59949
0,0,0,19.60743
0,0,0,19.61543
0,0,0,19.6233
0,0,0,19.63276
0,0,0,19.64285
0,0,0,19.65069
0,0,0,19.65823
0,0,0,19.66565
0,0,0,19.67289
0,0,0,19.68023
0,0,0,19.68803
0,0,0,19.69578
0,0,0,19.70482
0,0,0,19.71258
0,0,0,19.72052
0,0,0,19.72809
0,0,0,19.73699
0,0,0,19.7448
0,0,0,19.75272
0,0,0,19.76025
0,0,0,19.76841
0,0,0,19.77628
0,0,0,19.78458
0,0,0,19.79255
0,0,0,19.80071
0,0,0,19.80846
0,0,0,19.81663
0,0,0,19.82447
0,0,0,19.83425
0,0,0,19.84372
0,0,0,19.85179
0,0,0,19.85892
0,0,0,19.86597
0,0,0,19.87301
0,0,0,19.88108
0,0,0,19.88923
0,0,0,19.89719
0,0,0,19.90546
0,0,0,19.91348
0,0,0,19.92155
0,0,0,19.92946
0,0,0,19.93758
0,0,0,19.94553
0,0,0,19.95348
0,0,0,19.96143
0,0,0,19.96993
0,0,0,19.97767
0,0,0,19.98605
0,0,0,19.99372
0,0,0,20.00222
0,0,0,20.0101
0,0,0,20.01827
0,0,0,20.02597
0,0,0,20.03556
0,0,0,20.04489
0,0,0,20.05361
0,0,0,20.06089
0,0,0,20.06812
0,0,0,20.07492
0,0,0,20.08337
0,0,0,20.09136
0,0,0,20.09965
0,0,0,20.10735
0,0,0,20.1156
0,0,0,20.12331
0,0,0,20.13107
0,0,0,20.13949
0,0,0,20.14745
0,0,0,20.15591
0,0,0,20.16344
0,0,0,20.17159
0,0,0,20.17928
0,0,0,20.18748
0,0,0,20.19532
0,0,0,20.20334
0,0,0,20.21144
0,0,0,20.21936
0,0,0,20.22728
0,0,0,20.24254
0,0,0,20.24982
0,0,0,20.25684
0,0,0,20.26392
0,0,0,20.27126
0,0,0,20.27889
0,0,0,20.28872
0,0,0,20.29671
0,0,0,20.30403
0,0,0,20.31116
0,0,0,20.31852
0,0,0,20.32599
0,0,0,20.33372
0,0,0,20.34155
0,0,0,20.34971
0,0,0,20.35761
0,0,0,20.36586
0,0,0,20.3736
0,0,0,20.38173
0,0,0,20.38973
0,0,0,20.39771
0,0,0,20.40627
0,0,0,20.41432
0,0,0,20.42244
0,0,0,20.43041
0,0,0,20.43993
0,0,0,20.44927
0,0,0,20.45729
0,0,0,20.46369
0,0,0,20.47097
0,0,0,20.47884
0,0,0,20.48748
0,0,0,20.49536
0,0,0,20.5038
0,0,0,20.51154
0,0,0,20.51977
0,0,0,20.52746
0,0,0,20.53593
0,0,0,20.54389
0,0,0,20.55196
0,0,0,20.55985
0,0,0,20.5679
0,0,0,20.57599
0,0,0,20.58397
0,0,0,20.59192
0,0,0,20.60022
0,0,0,20.60803
0,0,0,20.61629
0,0,0,20.62415
0,0,0,20.6322
0,0,0,20.64164
0,0,0,20.65105
0,0,0,20.65878
0,0,0,20.66631
0,0,0,20.67352
0,0,0,20.6809
0,0,0,20.6887
0,0,0,20.69665
0,0,0,20.70502
0,0,0,20.71318
0,0,0,20.72123
0,0,0,20.7291
0,0,0,20.73811
0,0,0,20.74554
0,0,0,20.75339
0,0,0,20.7615
0,0,0,20.76969
0,0,0,20.77728
0,0,0,20.78529
0,0,0,20.79302
0,0,0,20.8013
0,0,0,20.80887
0,0,0,20.81736
0,0,0,20.82531
0,0,0,20.83344
0,0,0,20.84273
0,0,0,20.85207
0,0,0,20.86022
0,0,0,20.86765
0,0,0,20.87506
0,0,0,20.88236
0,0,0,20.89005
0,0,0,20.89775
0,0,0,20.9063
0,0,0,20.91395
0,0,0,20.92239
0,0,0,20.93035
0,0,0,20.93838
0,0,0,20.94611
0,0,0,20.95434
0,0,0,20.9619
0,0,0,20.97029
0,0,0,20.97835
0,0,0,20.98656
0,0,0,20.9942
0,0,0,21.00251
0,0,0,21.01038
0,0,0,21.01848
0,0,0,21.0263
0,0,0,21.03477
0,0,0,21.0441
0,0,0,21.05386
0,0,0,21.06157
0,0,0,21.06905
0,0,0,21.07696
0,0,0,21.08517
0,0,0,21.0926
0,0,0,21.10047
0,0,0,21.10794
0,0,0,21.11639
0,0,0,21.12413
0,0,0,21.13226
0,0,0,21.14039
0,0,0,21.14815
0,0,0,21.15653
0,0,0,21.16414
0,0,0,21.17238
0,0,0,21.1805
0,0,0,21.18852
0,0,0,21.19651
0,0,0,21.20452
0,0,0,21.21254
0,0,0,21.22051
0,0,0,21.2283
0,0,0,21.23657
0,0,0,21.24715
0,0,0,21.25635
0,0,0,21.26441
0,0,0,21.27213
0,0,0,21.28017
0,0,0,21.28728
0,0,0,21.29449
0,0,0,21.30162
0,0,0,21.30956
0,0,0,21.31764
0,0,0,21.3256
0,0,0,21.3336
0,0,0,21.34162
0,0,0,21.35012
0,0,0,21.35842
0,0,0,21.36645
0,0,0,21.37404
0,0,0,21.382
0,0,0,21.39652
0,0,0,21.4036
0,0,0,21.41119
0,0,0,21.41963
0,0,0,21.42733
0,0,0,21.43505
0,0,0,21.44396
0,0,0,21.45504
0,0,0,21.46427
0,0,0,21.47203
0,0,0,21.47917
0,0,0,21.48932
0,0,0,21.49619
0,0,0,21.50381
0,0,0,21.51097
0,0,0,21.51835
0,0,0,21.5257
0,0,0,21.53309
0,0,0,21.54107
0,0,0,21.54916
0,0,0,21.55731
0,0,0,21.56545
0,0,0,21.57342
0,0,0,21.58142
0,0,0,21.5895
0,0,0,21.59762
0,0,0,21.60587
0,0,0,21.614
0,0,0,21.62184
0,0,0,21.62991
0,0,0,21.6379
0,0,0,21.64578
0,0,0,21.65529
0,0,0,21.66559
0,0,0,21.67357
0,0,0,21.68102
0,0,0,21.68805
0,0,0,21.69516
0,0,0,21.70308
0,0,0,21.71102
0,0,0,21.7197
0,0,0,21.72737
0,0,0,21.7354
0,0,0,21.74326
0,0,0,21.75167
0,0,0,21.75928
0,0,0,21.76752
0,0,0,21.77561
0,0,0,21.78382
0,0,0,21.79156
0,0,0,21.79968
0,0,0,21.80755
0,0,0,21.8155
0,0,0,21.82349
0,0,0,21.83149
0,0,0,21.8394
0,0,0,21.84762
0,0,0,21.85696
0,0,0,21.86626
0,0,0,21.87472
0,0,0,21.88158
0,0,0,21.88853
0,0,0,21.8959
0,0,0,21.90506
0,0,0,21.91377
0,0,0,21.92158
0,0,0,21.92905
0,0,0,21.93712
0,0,0,21.94483
0,0,0,21.95311
0,0,0,21.96105
0,0,0,21.96897
0,0,0,21.97704
0,0,0,21.98501
0,0,0,21.99309
0,0,0,22.00134
0,0,0,22.00926
0,0,0,22.0178
0,0,0,22.02527
0,0,0,22.03347
0,0,0,22.0414
0,0,0,22.0494
0,0,0,22.05892
0,0,0,22.06957
0,0,0,22.07735
0,0,0,22.08647
0,0,0,22.09426
0,0,0,22.1049
0,0,0,22.1146
0,0,0,22.12176
0,0,0,22.12872
0,0,0,22.13589
0,0,0,22.14301
0,0,0,22.15004
0,0,0,22.15757
0,0,0,22.16568
0,0,0,22.17376
0,0,0,22.18175
0,0,0,22.18984
0,0,0,22.19764
0,0,0,22.20605
0,0,0,22.21398
0,0,0,22.222
0,0,0,22.22984
0,0,0,22.23804
0,0,0,22.24575
0,0,0,22.25417
0,0,0,22.26376
0,0,0,22.2732
0,0,0,22.28151
0,0,0,22.28868
0,0,0,22.29635
0,0,0,22.3037
0,0,0,22.31109
0,0,0,22.31944
0,0,0,22.32735
0,0,0,22.33602
0,0,0,22.34453
0,0,0,22.35289
0,0,0,22.36058
0,0,0,22.36863
0,0,0,22.37614
0,0,0,22.38405
0,0,0,22.39176
0,0,0,22.3995
0,0,0,22.40767
0,0,0,22.41529
0,0,0,22.42385
0,0,0,22.43182
0,0,0,22.43995
0,0,0,22.44781
0,0,0,22.45571
0,0,0,22.46495
0,0,0,22.47448
0,0,0,22.48245
0,0,0,22.48995
0,0,0,22.49821
0,0,0,22.50598
0,0,0,22.51381
0,0,0,22.52172
0,0,0,22.52926
0,0,0,22.53703
0,0,0,22.5448
0,0,0,22.55944
0,0,0,22.56723
0,0,0,22.57495
0,0,0,22.58238
0,0,0,22.59035
0,0,0,22.59785
0,0,0,22.60471
0,0,0,22.61205
0,0,0,22.61911
0,0,0,22.62757
0,0,0,22.6357
0,0,0,22.64396
0,0,0,22.65209
0,0,0,22.65991
0,0,0,22.66951
0,0,0,22.67906
0,0,0,22.68686
0,0,0,22.69405
0,0,0,22.7012
0,0,0,22.7089
0,0,0,22.71722
0,0,0,22.72531
0,0,0,22.7341
0,0,0,22.74326
0,0,0,22.75272
0,0,0,22.76296
0,0,0,22.77208
0,0,0,22.77958
0,0,0,22.78712
0,0,0,22.79403
0,0,0,22.80094
0,0,0,22.80744
0,0,0,22.81539
0,0,0,22.82321
0,0,0,22.83138
0,0,0,22.83923
0,0,0,22.84709
0,0,0,22.85504
0,0,0,22.86288
0,0,0,22.87269
0,0,0,22.8826
0,0,0,22.8905
0,0,0,22.89818
0,0,0,22.9052
0,0,0,22.91223
0,0,0,22.91999
0,0,0,22.92776
0,0,0,22.93625
0,0,0,22.94397
0,0,0,22.95221
0,0,0,22.96009
0,0,0,22.96804
0,0,0,22.97842
0,0,0,22.98549
0,0,0,22.9927
0,0,0,23.00018
0,0,0,23.00813
0,0,0,23.01577
0,0,0,23.02409
0,0,0,23.03199
0,0,0,23.03995
0,0,0,23.04818
0,0,0,23.05613
0,0,0,23.06404
0,0,0,23.07355
0,0,0,23.08287
0,0,0,23.09101
0,0,0,23.098
0,0,0,23.10556
0,0,0,23.11287
0,0,0,23.12146
0,0,0,23.12879
0,0,0,23.13731
0,0,0,23.14492
0,0,0,23.15307
0,0,0,23.1613
0,0,0,23.16918
0,0,0,23.17761
0,0,0,23.18613
0,0,0,23.19378
0,0,0,23.20178
0,0,0,23.20932
0,0,0,23.21759
0,0,0,23.2252
0,0,0,23.23306
0,0,0,23.24143
0,0,0,23.24955
0,0,0,23.25742
0,0,0,23.26531
0,0,0,23.27473
0,0,0,23.28483
0,0,0,23.29288
0,0,0,23.29984
0,0,0,23.30688
0,0,0,23.31406
0,0,0,23.32219
0,0,0,23.32986
0,0,0,23.3385
0,0,0,23.34625
0,0,0,23.3545
0,0,0,23.36237
0,0,0,23.3707
0,0,0,23.37869
0,0,0,23.38669
0,0,0,23.39454
0,0,0,23.40262
0,0,0,23.41065
0,0,0,23.41912
0,0,0,23.42685
0,0,0,23.43516
0,0,0,23.44293
0,0,0,23.45103
0,0,0,23.45915
0,0,0,23.46677
0,0,0,23.47637
0,0,0,23.48569
0,0,0,23.49338
0,0,0,23.50015
0,0,0,23.50748
0,0,0,23.51567
0,0,0,23.52447
0,0,0,23.53221
0,0,0,23.54012
0,0,0,23.548
0,0,0,23.55595
0,0,0,23.56382
0,0,0,23.57197
0,0,0,23.57997
0,0,0,23.58819
0,0,0,23.59621
0,0,0,23.60428
0,0,0,23.61211
0,0,0,23.62028
0,0,0,23.62819
0,0,0,23.63638
0,0,0,23.64426
0,0,0,23.6525
0,0,0,23.66045
0,0,0,23.66861
0,0,0,23.67775
0,0,0,23.6876
0,0,0,23.69574
0,0,0,23.70296
0,0,0,23.71675
0,0,0,23.72448
0,0,0,23.73181
0,0,0,23.73904
0,0,0,23.74584
0,0,0,23.75311
0,0,0,23.76063
0,0,0,23.76957
0,0,0,23.77828
0,0,0,23.78654
0,0,0,23.79421
0,0,0,23.80193
0,0,0,23.80975
0,0,0,23.81715
0,0,0,23.82485
0,0,0,23.83271
0,0,0,23.84105
0,0,0,23.84903
0,0,0,23.85723
0,0,0,23.86511
0,0,0,23.87336
0,0,0,23.88257
0,0,0,23.89216
0,0,0,23.89985
0,0,0,23.90675
0,0,0,23.91424
0,0,0,23.92224
0,0,0,23.93011
0,0,0,23.93858
0,0,0,23.94636
0,0,0,23.95467
0,0,0,23.96259
0,0,0,23.97079
0,0,0,23.97846
0,0,0,23.98678
0,0,0,23.99444
0,0,0,24.00283
0,0,0,24.01069
0,0,0,24.01922
0,0,0,24.02747
0,0,0,24.03523
0,0,0,24.04287
0,0,0,24.05103
0,0,0,24.05896
0,0,0,24.06681
0,0,0,24.07504
0,0,0,24.08414
0,0,0,24.09369
0,0,0,24.10152
0,0,0,24.10821
0,0,0,24.11547
0,0,0,24.1237
0,0,0,24.13182
0,0,0,24.13992
0,0,0,24.14789
0,0,0,24.15616
0,0,0,24.16413
0,0,0,24.1725
0,0,0,24.18009
0,0,0,24.18834
0,0,0,24.1961
0,0,0,24.20438
0,0,0,24.21224
0,0,0,24.22035
0,0,0,24.22813
0,0,0,24.23673
0,0,0,24.24469
0,0,0,24.25351
0,0,0,24.26089
0,0,0,24.26873
0,0,0,24.27644
0,0,0,24.2858
0,0,0,24.29515
0,0,0,24.30324
0,0,0,24.31075
0,0,0,24.31803
0,0,0,24.32562
0,0,0,24.33331
0,0,0,24.3439
0,0,0,24.35116
0,0,0,24.35815
0,0,0,24.36594
0,0,0,24.37391
0,0,0,24.38208
0,0,0,24.39001
0,0,0,24.39813
0,0,0,24.40648
0,0,0,24.41416
0,0,0,24.42285
0,0,0,24.43052
0,0,0,24.43838
0,0,0,24.44601
0,0,0,24.45431
0,0,0,24.4621
0,0,0,24.4703
0,0,0,24.47819
0,0,0,24.48787
0,0,0,24.49717
0,0,0,24.50509
0,0,0,24.51193
0,0,0,24.51897
0,0,0,24.52667
0,0,0,24.53519
0,0,0,24.54317
0,0,0,24.55163
0,0,0,24.55944
0,0,0,24.56724
0,0,0,24.57528
0,0,0,24.58334
0,0,0,24.5916
0,0,0,24.59932
0,0,0,24.60758
0,0,0,24.61556
0,0,0,24.62349
0,0,0,24.63146
0,0,0,24.63965
0,0,0,24.64734
0,0,0,24.65572
0,0,0,24.66354
0,0,0,24.67181
0,0,0,24.67942
0,0,0,24.68941
0,0,0,24.69874
0,0,0,24.70685
0,0,0,24.71371
0,0,0,24.7213
0,0,0,24.72849
0,0,0,24.73687
0,0,0,24.74459
0,0,0,24.75301
0,0,0,24.76073
0,0,0,24.76892
0,0,0,24.77691
0,0,0,24.78506
0,0,0,24.79323
0,0,0,24.80176
0,0,0,24.81063
0,0,0,24.81869
0,0,0,24.82655
0,0,0,24.83418
0,0,0,24.84181
0,0,0,24.84982
0,0,0,24.85793
0,0,0,24.866
0,0,0,24.88004
0,0,0,24.88929
0,0,0,24.89664
0,0,0,24.9038
0,0,0,24.91221
0,0,0,24.91939
0,0,0,24.92618
0,0,0,24.93355
0,0,0,24.9418
0,0,0,24.94992
0,0,0,24.95721
0,0,0,24.96465
0,0,0,24.97268
0,0,0,24.98057
0,0,0,24.98884
0,0,0,24.99683
0,0,0,25.00478
0,0,0,25.01259
0,0,0,25.02069
0,0,0,25.02864
0,0,0,25.03703
0,0,0,25.04496
0,0,0,25.05299
0,0,0,25.06073
0,0,0,25.06909
0,0,0,25.0768
0,0,0,25.08517
0,0,0,25.09481
0,0,0,25.10381
0,0,0,25.11244
0,0,0,25.12006
0,0,0,25.12742
0,0,0,25.13472
0,0,0,25.14207
0,0,0,25.14985
0,0,0,25.1582
0,0,0,25.16631
0,0,0,25.17411
0,0,0,25.18214
0,0,0,25.19047
0,0,0,25.19867
0,0,0,25.20634
0,0,0,25.21448
0,0,0,25.22235
0,0,0,25.23014
0,0,0,25.23856
0,0,0,25.24613
0,0,0,25.25424
0,0,0,25.26237
0,0,0,25.27078
0,0,0,25.27848
0,0,0,25.28691
0,0,0,25.29589
0,0,0,25.30621
0,0,0,25.31356
0,0,0,25.32051
0,0,0,25.3278
0,0,0,25.33558
0,0,0,25.34371
0,0,0,25.35209
0,0,0,25.35975
0,0,0,25.36789
0,0,0,25.3758
0,0,0,25.38371
0,0,0,25.39219
0,0,0,25.40043
0,0,0,25.40823
0,0,0,25.41597
0,0,0,25.42425
0,0,0,25.43219
0,0,0,25.44032
0,0,0,25.44799
0,0,0,25.45651
0,0,0,25.46453
0,0,0,25.47266
0,0,0,25.48037
0,0,0,25.48867
0,0,0,25.49789
0,0,0,25.50793
0,0,0,25.51543
0,0,0,25.52332
0,0,0,25.53101
0,0,0,25.54001
0,0,0,25.54796
0,0,0,25.55549
0,0,0,25.56285
0,0,0,25.57059
0,0,0,25.57811
0,0,0,25.58611
0,0,0,25.59416
0,0,0,25.60241
0,0,0,25.60999
0,0,0,25.61814
0,0,0,25.62614
0,0,0,25.63407
0,0,0,25.64215
0,0,0,25.64998
0,0,0,25.6584
0,0,0,25.66619
0,0,0,25.67439
0,0,0,25.68228
0,0,0,25.69026
0,0,0,25.70023
0,0,0,25.71025
0,0,0,25.71813
0,0,0,25.72572
0,0,0,25.73322
0,0,0,25.74077
0,0,0,25.74809
0,0,0,25.75586
0,0,0,25.76329
0,0,0,25.77162
0,0,0,25.77949
0,0,0,25.78762
0,0,0,25.79543
0,0,0,25.80379
0,0,0,25.81157
0,0,0,25.81969
0,0,0,25.82749
0,0,0,25.83564
0,0,0,25.84371
0,0,0,25.85135
0,0,0,25.85949
0,0,0,25.86739
0,0,0,25.87584
0,0,0,25.88376
0,0,0,25.89192
0,0,0,25.90147
0,0,0,25.91102
0,0,0,25.91903
0,0,0,25.92597
0,0,0,25.93303
0,0,0,25.94158
0,0,0,25.94933
0,0,0,25.95762
0,0,0,25.96569
0,0,0,25.97395
0,0,0,25.98171
0,0,0,25.98996
0,0,0,25.99803
0,0,0,26.00654
0,0,0,26.01429
0,0,0,26.02214
0,0,0,26.03543
0,0,0,26.04238
0,0,0,26.04957
0,0,0,26.0568
0,0,0,26.06429
0,0,0,26.07234
0,0,0,26.07998
0,0,0,26.08739
0,0,0,26.09506
0,0,0,26.10456
0,0,0,26.114
0,0,0,26.12228
0,0,0,26.12903
0,0,0,26.13631
0,0,0,26.14384
0,0,0,26.15171
0,0,0,26.16024
0,0,0,26.16812
0,0,0,26.17639
0,0,0,26.18409
0,0,0,26.19227
0,0,0,26.20014
0,0,0,26.20878
0,0,0,26.21646
0,0,0,26.22456
0,0,0,26.23234
0,0,0,26.24057
0,0,0,26.24828
0,0,0,26.25675
0,0,0,26.26436
0,0,0,26.27258
0,0,0,26.28041
0,0,0,26.28895
0,0,0,26.29672
0,0,0,26.30615
0,0,0,26.31586
0,0,0,26.32425
0,0,0,26.33121
0,0,0,26.33859
0,0,0,26.34631
0,0,0,26.35459
0,0,0,26.36175
0,0,0,26.37003
0,0,0,26.37772
0,0,0,26.38601
0,0,0,26.3941
0,0,0,26.40246
0,0,0,26.41035
0,0,0,26.41861
0,0,0,26.42642
0,0,0,26.43451
0,0,0,26.44279
0,0,0,26.45057
0,0,0,26.45846
0,0,0,26.46637
0,0,0,26.47434
0,0,0,26.48271
0,0,0,26.49069
0,0,0,26.49843
0,0,0,26.50811
0,0,0,26.51738
0,0,0,26.5262
0,0,0,26.5343
0,0,0,26.54167
0,0,0,26.54869
0,0,0,26.55621
0,0,0,26.56377
0,0,0,26.57225
0,0,0,26.58021
0,0,0,26.58845
0,0,0,26.59618
0,0,0,26.60443
0,0,0,26.61231
0,0,0,26.62041
0,0,0,26.62823
0,0,0,26.63647
0,0,0,26.64444
0,0,0,26.65255
0,0,0,26.6606
0,0,0,26.66869
0,0,0,26.67652
0,0,0,26.68438
0,0,0,26.69257
0,0,0,26.70071
0,0,0,26.7103
0,0,0,26.71979
0,0,0,26.72796
0,0,0,26.7353
0,0,0,26.74234
0,0,0,26.74948
0,0,0,26.75793
0,0,0,26.7658
0,0,0,26.77412
0,0,0,26.782
0,0,0,26.79028
0,0,0,26.79812
0,0,0,26.80629
0,0,0,26.81448
0,0,0,26.82279
0,0,0,26.83094
0,0,0,26.83887
0,0,0,26.84647
0,0,0,26.8553
0,0,0,26.86247
0,0,0,26.8707
0,0,0,26.87841
0,0,0,26.88659
0,0,0,26.89439
0,0,0,26.90249
0,0,0,26.91163
0,0,0,26.92175
0,0,0,26.92975
0,0,0,26.93716
0,0,0,26.94428
0,0,0,26.95151
0,0,0,26.95962
0,0,0,26.96765
0,0,0,26.97706
0,0,0,26.985
0,0,0,26.99243
0,0,0,27.00023
0,0,0,27.00818
0,0,0,27.01609
0,0,0,27.02442
0,0,0,27.0324
0,0,0,27.04098
0,0,0,27.04887
0,0,0,27.05705
0,0,0,27.06784
0,0,0,27.07514
0,0,0,27.08229
0,0,0,27.08972
0,0,0,27.09722
0,0,0,27.1054
0,0,0,27.11494
0,0,0,27.12457
0,0,0,27.13265
0,0,0,27.14052
0,0,0,27.14848
0,0,0,27.15619
0,0,0,27.16359
0,0,0,27.1719
0,0,0,27.1791
0,0,0,27.18663
0,0,0,27.20006
0,0,0,27.20754
0,0,0,27.21544
0,0,0,27.22279
0,0,0,27.23027
0,0,0,27.23831
0,0,0,27.24558
0,0,0,27.25319
0,0,0,27.26082
0,0,0,27.26819
0,0,0,27.27538
0,0,0,27.28335
0,0,0,27.29144
0,0,0,27.29907
0,0,0,27.30744
0,0,0,27.31677
0,0,0,27.32654
0,0,0,27.33437
0,0,0,27.34126
0,0,0,27.34957
0,0,0,27.35777
0,0,0,27.3655
0,0,0,27.37344
0,0,0,27.38076
0,0,0,27.38862
0,0,0,27.39631
0,0,0,27.40455
0,0,0,27.41246
0,0,0,27.42069
0,0,0,27.42855
0,0,0,27.43693
0,0,0,27.44481
0,0,0,27.45294
0,0,0,27.46102
0,0,0,27.46896
0,0,0,27.47717
0,0,0,27.48521
0,0,0,27.49314
0,0,0,27.50107
0,0,0,27.5091
0,0,0,27.5187
0,0,0,27.52791
0,0,0,27.53645
0,0,0,27.54364
0,0,0,27.55099
0,0,0,27.55845
0,0,0,27.56596
0,0,0,27.57474
0,0,0,27.58302
0,0,0,27.59154
0,0,0,27.5991
0,0,0,27.60689
0,0,0,27.61457
0,0,0,27.62275
0,0,0,27.63057
0,0,0,27.63891
0,0,0,27.64665
0,0,0,27.65536
0,0,0,27.66326
0,0,0,27.67119
0,0,0,27.67885
0,0,0,27.68703
0,0,0,27.69475
0,0,0,27.70305
0,0,0,27.7109
0,0,0,27.72034
0,0,0,27.72997
0,0,0,27.73802
0,0,0,27.74528
0,0,0,27.75248
0,0,0,27.75957
0,0,0,27.76767
0,0,0,27.77607
0,0,0,27.78437
0,0,0,27.79215
0,0,0,27.80007
0,0,0,27.80877
0,0,0,27.81599
0,0,0,27.82408
0,0,0,27.83191
0,0,0,27.84015
0,0,0,27.84838
0,0,0,27.85663
0,0,0,27.86438
0,0,0,27.87244
0,0,0,27.88021
0,0,0,27.8884
0,0,0,27.89639
0,0,0,27.90444
0,0,0,27.91253
0,0,0,27.92206
0,0,0,27.93099
0,0,0,27.93944
0,0,0,27.94656
0,0,0,27.95376
0,0,0,27.96088
0,0,0,27.96904
0,0,0,27.97728
0,0,0,27.98521
0,0,0,27.99356
0,0,0,28.0015
0,0,0,28.0094
0,0,0,28.01713
0,0,0,28.02528
0,0,0,28.03313
0,0,0,28.04137
0,0,0,28.05043
0,0,0,28.05788
0,0,0,28.06531
0,0,0,28.0736
0,0,0,28.08137
0,0,0,28.08969
0,0,0,28.09781
0,0,0,28.10603
0,0,0,28.11394
0,0,0,28.12332
0,0,0,28.1338
0,0,0,28.14195
0,0,0,28.15001
0,0,0,28.15758
0,0,0,28.16458
0,0,0,28.17203
0,0,0,28.17928
0,0,0,28.18784
0,0,0,28.19584
0,0,0,28.20422
0,0,0,28.2119
0,0,0,28.22001
0,0,0,28.22785
0,0,0,28.23576
0,0,0,28.24393
0,0,0,28.25195
0,0,0,28.26002
0,0,0,28.26818
0,0,0,28.27612
0,0,0,28.28415
0,0,0,28.29223
0,0,0,28.3001
0,0,0,28.30848
0,0,0,28.31668
0,0,0,28.32621
0,0,0,28.33626
0,0,0,28.34382
0,0,0,28.3572
0,0,0,28.36376
0,0,0,28.37102
0,0,0,28.37847
0,0,0,28.3864
0,0,0,28.39364
0,0,0,28.40125
0,0,0,28.40867
0,0,0,28.41635
0,0,0,28.42456
0,0,0,28.43255
0,0,0,28.44052
0,0,0,28.44865
0,0,0,28.45687
0,0,0,28.46477
0,0,0,28.47273
0,0,0,28.48051
0,0,0,28.48874
0,0,0,28.49658
0,0,0,28.50477
0,0,0,28.51279
0,0,0,28.52094
0,0,0,28.53
0,0,0,28.54027
0,0,0,28.54844
0,0,0,28.5558
0,0,0,28.56253
0,0,0,28.56964
0,0,0,28.57784
0,0,0,28.58579
0,0,0,28.59412
0,0,0,28.6019
0,0,0,28.60999
0,0,0,28.61782
0,0,0,28.6263
0,0,0,28.63499
0,0,0,28.64293
0,0,0,28.64997
0,0,0,28.65857
0,0,0,28.66623
0,0,0,28.67462
0,0,0,28.68223
0,0,0,28.69083
0,0,0,28.69883
0,0,0,28.70703
0,0,0,28.7151
0,0,0,28.72387
0,0,0,28.73458
0,0,0,28.74333
0,0,0,28.75146
0,0,0,28.75877
0,0,0,28.76815
0,0,0,28.77548
0,0,0,28.78297
0,0,0,28.79082
0,0,0,28.7984
0,0,0,28.80599
0,0,0,28.81417
0,0,0,28.82267
0,0,0,28.83127
0,0,0,28.84186
0,0,0,28.85163
0,0,0,28.85929
0,0,0,28.86696
0,0,0,28.87523
0,0,0,28.88259
0,0,0,28.89034
0,0,0,28.89791
0,0,0,28.90604
0,0,0,28.91385
0,0,0,28.92151
0,0,0,28.92916
0,0,0,28.93818
0,0,0,28.94761
0,0,0,28.9563
0,0,0,28.96491
0,0,0,28.9734
0,0,0,28.98197
0,0,0,28.98992
0,0,0,28.99741
0,0,0,29.00495
0,0,0,29.01206
0,0,0,29.01903
0,0,0,29.02599
0,0,0,29.03376
0,0,0,29.04283
0,0,0,29.05088
0,0,0,29.05951
0,0,0,29.06801
0,0,0,29.07566
0,0,0,29.08335
0,0,0,29.09198
0,0,0,29.10032
0,0,0,29.10861
0,0,0,29.11736
0,0,0,29.12524
0,0,0,29.13317
0,0,0,29.14252
0,0,0,29.1515
0,0,0,29.15913
0,0,0,29.16633
0,0,0,29.17431
0,0,0,29.18143
0,0,0,29.18867
0,0,0,29.1964
0,0,0,29.20493
0,0,0,29.21269
0,0,0,29.22137
0,0,0,29.22964
0,0,0,29.23821
0,0,0,29.24608
0,0,0,29.25392
0,0,0,29.26159
0,0,0,29.26948
0,0,0,29.2777
0,0,0,29.28558
0,0,0,29.29358
0,0,0,29.30167
0,0,0,29.30974
0,0,0,29.31747
0,0,0,29.32571
0,0,0,29.3335
0,0,0,29.34313
0,0,0,29.35257
0,0,0,29.36074
0,0,0,29.36822
0,0,0,29.37604
0,0,0,29.38319
0,0,0,29.39055
0,0,0,29.39861
0,0,0,29.40719
0,0,0,29.41506
0,0,0,29.42347
0,0,0,29.4315
0,0,0,29.43956
0,0,0,29.44754
0,0,0,29.45602
0,0,0,29.46408
0,0,0,29.47295
0,0,0,29.48085
0,0,0,29.48934
0,0,0,29.49758
0,0,0,29.50616
0,0,0,29.51449
0,0,0,29.52841
0,0,0,29.53615
0,0,0,29.54633
0,0,0,29.55618
0,0,0,29.56463
0,0,0,29.57326
0,0,0,29.58246
0,0,0,29.59053
0,0,0,29.59835
0,0,0,29.60676
0,0,0,29.61514
0,0,0,29.62385
0,0,0,29.63189
0,0,0,29.64017
0,0,0,29.64751
0,0,0,29.65532
0,0,0,29.66239
0,0,0,29.66998
0,0,0,29.67889
0,0,0,29.68923
0,0,0,29.69876
0,0,0,29.70874
0,0,0,29.71685
0,0,0,29.72566
0,0,0,29.73545
0,0,0,29.74509
0,0,0,29.75746
0,0,0,29.76714
0,0,0,29.7753
0,0,0,29.78281
0,0,0,29.79395
0,0,0,29.80224
0,0,0,29.81023
0,0,0,29.81794
0,0,0,29.82722
0,0,0,29.83599
0,0,0,29.8449
0,0,0,29.853
0,0,0,29.86063
0,0,0,29.86882
0,0,0,29.87752
0,0,0,29.88659
0,0,0,29.89472
0,0,0,29.90298
0,0,0,29.91165
0,0,0,29.92066
0,0,0,29.92876
0,0,0,29.93815
0,0,0,29.94905
0,0,0,29.96016
0,0,0,29.96965
0,0,0,29.97894
0,0,0,29.98765
0,0,0,29.99687
0,0,0,30.005
0,0,0,30.01326
0,0,0,30.02182
0,0,0,30.03026
0,0,0,30.03887
0,0,0,30.04724
0,0,0,30.05528
0,0,0,30.06269
0,0,0,30.07049
0,0,0,30.07779
0,0,0,30.08689
0,0,0,30.09516
0,0,0,30.10402
0,0,0,30.11179
0,0,0,30.11997
0,0,0,30.12854
0,0,0,30.13695
0,0,0,30.14525
0,0,0,30.15338
0,0,0,30.16282
0,0,0,30.17303
0,0,0,30.18085
0,0,0,30.18936
0,0,0,30.1966
0,0,0,30.2049
0,0,0,30.21268
0,0,0,30.22113
0,0,0,30.23008
0,0,0,30.23956
0,0,0,30.24731
0,0,0,30.25592
0,0,0,30.26392
0,0,0,30.27463
0,0,0,30.283
0,0,0,30.29217
0,0,0,30.29986
0,0,0,30.30746
0,0,0,30.31472
0,0,0,30.32208
0,0,0,30.32973
0,0,0,30.33695
0,0,0,30.34478
0,0,0,30.35259
0,0,0,30.3613
0,0,0,30.37061
0,0,0,30.38062
0,0,0,30.38906
0,0,0,30.39781
0,0,0,30.40591
0,0,0,30.41486
0,0,0,30.42255
0,0,0,30.42939
0,0,0,30.43655
0,0,0,30.44377
0,0,0,30.45149
0,0,0,30.45914
0,0,0,30.467
0,0,0,30.47539
0,0,0,30.48317
0,0,0,30.49141
0,0,0,30.4993
0,0,0,30.50743
0,0,0,30.51533
0,0,0,30.5236
0,0,0,30.53145
0,0,0,30.53966
0,0,0,30.54771
0,0,0,30.55576
0,0,0,30.56351
0,0,0,30.57329
0,0,0,30.58461
0,0,0,30.59406
0,0,0,30.60238
0,0,0,30.61091
0,0,0,30.61934
0,0,0,30.62733
0,0,0,30.63612
0,0,0,30.64393
0,0,0,30.65217
0,0,0,30.66095
0,0,0,30.67809
0,0,0,30.6857
0,0,0,30.69429
0,0,0,30.70225
0,0,0,30.71024
0,0,0,30.71917
0,0,0,30.7278
0,0,0,30.73623
0,0,0,30.74481
0,0,0,30.75298
0,0,0,30.76092
0,0,0,30.76908
0,0,0,30.77965
0,0,0,30.78843
0,0,0,30.79725
0,0,0,30.80705
0,0,0,30.81494
0,0,0,30.82288
0,0,0,30.83242
0,0,0,30.84003
0,0,0,30.84777
0,0,0,30.85744
0,0,0,30.86569
0,0,0,30.8739
0,0,0,30.8814
0,0,0,30.88857
0,0,0,30.89593
0,0,0,30.90371
0,0,0,30.911
0,0,0,30.91867
0,0,0,30.92628
0,0,0,30.93372
0,0,0,30.94215
0,0,0,30.94979
0,0,0,30.95831
0,0,0,30.9662
0,0,0,30.97503
0,0,0,30.98411
0,0,0,30.99504
0,0,0,31.00373
0,0,0,31.01391
0,0,0,31.02243
0,0,0,31.03081
0,0,0,31.03892
0,0,0,31.04663
0,0,0,31.05566
0,0,0,31.06433
0,0,0,31.07331
0,0,0,31.08196
0,0,0,31.09063
0,0,0,31.09897
0,0,0,31.10804
0,0,0,31.11676
0,0,0,31.1256
0,0,0,31.13407
0,0,0,31.14402
0,0,0,31.15235
0,0,0,31.16034
0,0,0,31.16828
0,0,0,31.17685
0,0,0,31.18657
0,0,0,31.19459
0,0,0,31.20344
0,0,0,31.21347
0,0,0,31.22215
0,0,0,31.23056
0,0,0,31.23995
0,0,0,31.24878
0,0,0,31.25703
0,0,0,31.26513
0,0,0,31.27419
0,0,0,31.28217
0,0,0,31.2903
0,0,0,31.29752
0,0,0,31.30527
0,0,0,31.31277
0,0,0,31.32074
0,0,0,31.32838
0,0,0,31.3359
0,0,0,31.343
0,0,0,31.35086
0,0,0,31.35924
0,0,0,31.36703
0,0,0,31.37518
0,0,0,31.38334
0,0,0,31.39343
0,0,0,31.40291
0,0,0,31.41108
0,0,0,31.41965
0,0,0,31.42725
0,0,0,31.43484
0,0,0,31.44235
0,0,0,31.44992
0,0,0,31.45893
0,0,0,31.46761
0,0,0,31.47534
0,0,0,31.48308
0,0,0,31.49105
0,0,0,31.49889
0,0,0,31.50686
0,0,0,31.51457
0,0,0,31.52282
0,0,0,31.53027
0,0,0,31.53732
0,0,0,31.54497
0,0,0,31.55339
0,0,0,31.56134
0,0,0,31.56945
0,0,0,31.57751
0,0,0,31.58554
0,0,0,31.59522
0,0,0,31.60528
0,0,0,31.61268
0,0,0,31.62034
0,0,0,31.62803
0,0,0,31.63533
0,0,0,31.64239
0,0,0,31.6503
0,0,0,31.65865
0,0,0,31.66652
0,0,0,31.67476
0,0,0,31.68257
0,0,0,31.6906
0,0,0,31.69822
0,0,0,31.70639
0,0,0,31.7145
0,0,0,31.72258
0,0,0,31.73082
0,0,0,31.73851
0,0,0,31.7465
0,0,0,31.75442
0,0,0,31.76258
0,0,0,31.77105
0,0,0,31.77898
0,0,0,31.78678
0,0,0,31.79626
0,0,0,31.80585
0,0,0,31.81406
0,0,0,31.82135
0,0,0,31.82878
0,0,0,31.83606
0,0,0,31.84418
0,0,0,31.85202
0,0,0,31.86585
0,0,0,31.87322
0,0,0,31.88102
0,0,0,31.88765
0,0,0,31.89492
0,0,0,31.90293
0,0,0,31.91083
0,0,0,31.91863
0,0,0,31.92618
0,0,0,31.93366
0,0,0,31.9419
0,0,0,31.94962
0,0,0,31.95802
0,0,0,31.96629
0,0,0,31.97451
0,0,0,31.98237
0,0,0,31.99043
0,0,0,32.00003
0,0,0,32.01033
0,0,0,32.01864
0,0,0,32.02709
0,0,0,32.03526
0,0,0,32.04312
0,0,0,32.05091
0,0,0,32.0589
0,0,0,32.0664
0,0,0,32.0745
0,0,0,32.08189
0,0,0,32.08944
0,0,0,32.09654
0,0,0,32.1044
0,0,0,32.11151
0,0,0,32.11914
0,0,0,32.1272
0,0,0,32.13503
0,0,0,32.14325
0,0,0,32.15111
0,0,0,32.15966
0,0,0,32.16748
0,0,0,32.17576
0,0,0,32.18347
0,0,0,32.19184
0,0,0,32.20094
0,0,0,32.21053
0,0,0,32.21842
0,0,0,32.22506
0,0,0,32.23221
0,0,0,32.24103
0,0,0,32.24881
0,0,0,32.25714
0,0,0,32.26488
0,0,0,32.27308
0,0,0,32.28089
0,0,0,32.2887
0,0,0,32.29701
0,0,0,32.305
0,0,0,32.31304
0,0,0,32.32095
0,0,0,32.3292
0,0,0,32.33697
0,0,0,32.34554
0,0,0,32.35348
0,0,0,32.36143
0,0,0,32.36896
0,0,0,32.37734
0,0,0,32.38507
0,0,0,32.39349
0,0,0,32.40263
0,0,0,32.41286
0,0,0,32.42029
0,0,0,32.42678
0,0,0,32.43384
0,0,0,32.44229
0,0,0,32.45026
0,0,0,32.45861
0,0,0,32.46659
0,0,0,32.4749
0,0,0,32.48283
0,0,0,32.49103
0,0,0,32.49866
0,0,0,32.5069
0,0,0,32.51474
0,0,0,32.52305
0,0,0,32.53082
0,0,0,32.53922
0,0,0,32.54742
0,0,0,32.55502
0,0,0,32.56347
0,0,0,32.57129
0,0,0,32.57921
0,0,0,32.58729
0,0,0,32.59547
0,0,0,32.60481
0,0,0,32.61528
0,0,0,32.62294
0,0,0,32.63115
0,0,0,32.63879
0,0,0,32.64616
0,0,0,32.65347
0,0,0,32.66127
0,0,0,32.66917
0,0,0,32.67746
0,0,0,32.6852
0,0,0,32.69353
0,0,0,32.70163
0,0,0,32.70977
0,0,0,32.7177
0,0,0,32.72571
0,0,0,32.73371
0,0,0,32.74196
0,0,0,32.74991
0,0,0,32.75807
0,0,0,32.76592
0,0,0,32.77404
0,0,0,32.78201
0,0,0,32.78991
0,0,0,32.7978
0,0,0,32.80767
0,0,0,32.81676
0,0,0,32.82503
0,0,0,32.83252
0,0,0,32.83982
0,0,0,32.84714
0,0,0,32.85456
0,0,0,32.86295
0,0,0,32.87081
0,0,0,32.87936
0,0,0,32.88781
0,0,0,32.89585
0,0,0,32.90343
0,0,0,32.91165
0,0,0,32.91942
0,0,0,32.92807
0,0,0,32.93584
0,0,0,32.94416
0,0,0,32.95216
0,0,0,32.96096
0,0,0,32.96865
0,0,0,32.97662
0,0,0,32.98439
0,0,0,32.99265
0,0,0,33.00052
0,0,0,33.0101
0,0,0,33.02671
0,0,0,33.03401
0,0,0,33.04165
0,0,0,33.05098
0,0,0,33.05792
0,0,0,33.06462
0,0,0,33.07198
0,0,0,33.08008
0,0,0,33.08775
0,0,0,33.09519
0,0,0,33.10276
0,0,0,33.11116
0,0,0,33.11911
0,0,0,33.12719
0,0,0,33.13483
0,0,0,33.14312
0,0,0,33.15094
0,0,0,33.15919
0,0,0,33.16691
0,0,0,33.17515
0,0,0,33.18294
0,0,0,33.19113
0,0,0,33.19898
0,0,0,33.20719
0,0,0,33.21629
0,0,0,33.2261
0,0,0,33.23436
0,0,0,33.24239
0,0,0,33.25011
0,0,0,33.25768
0,0,0,33.26525
0,0,0,33.27303
0,0,0,33.28144
0,0,0,33.28903
0,0,0,33.29697
0,0,0,33.30452
0,0,0,33.31248
0,0,0,33.32022
0,0,0,33.32835
0,0,0,33.33607
0,0,0,33.34448
0,0,0,33.3522
0,0,0,33.36084
0,0,0,33.36849
0,0,0,33.37684
0,0,0,33.38456
0,0,0,33.39287
0,0,0,33.40061
0,0,0,33.40884
0,0,0,33.41803
0,0,0,33.42855
0,0,0,33.43625
0,0,0,33.44404
0,0,0,33.45127
0,0,0,33.45854
0,0,0,33.46643
0,0,0,33.47407
0,0,0,33.48203
0,0,0,33.49055
0,0,0,33.49794
0,0,0,33.50607
0,0,0,33.51408
0,0,0,33.52214
0,0,0,33.53029
0,0,0,33.53814
0,0,0,33.54623
0,0,0,33.55445
0,0,0,33.5628
0,0,0,33.57104
0,0,0,33.57898
0,0,0,33.58693
0,0,0,33.59467
0,0,0,33.60239
0,0,0,33.61065
0,0,0,33.62007
0,0,0,33.63107
0,0,0,33.63976
0,0,0,33.64764
0,0,0,33.65523
0,0,0,33.66311
0,0,0,33.67125
0,0,0,33.67926
0,0,0,33.6879
0,0,0,33.69634
0,0,0,33.70467
0,0,0,33.7121
0,0,0,33.72021
0,0,0,33.7292
0,0,0,33.73779
0,0,0,33.74529
0,0,0,33.75362
0,0,0,33.76121
0,0,0,33.76913
0,0,0,33.77701
0,0,0,33.78492
0,0,0,33.79255
0,0,0,33.80122
0,0,0,33.80953
0,0,0,33.81834
0,0,0,33.82854
0,0,0,33.83672
0,0,0,33.84498
0,0,0,33.85293
0,0,0,33.8611
0,0,0,33.87042
0,0,0,33.87891
0,0,0,33.88756
0,0,0,33.8959
0,0,0,33.90436
0,0,0,33.91197
0,0,0,33.92027
0,0,0,33.92815
0,0,0,33.93584
0,0,0,33.94339
0,0,0,33.95084
0,0,0,33.95901
0,0,0,33.96722
0,0,0,33.97556
0,0,0,33.98379
0,0,0,33.99157
0,0,0,33.99962
0,0,0,34.00777
0,0,0,34.01614
0,0,0,34.02441
0,0,0,34.0341
0,0,0,34.04219
0,0,0,34.04994
0,0,0,34.05791
0,0,0,34.06702
0,0,0,34.07533
0,0,0,34.08354
0,0,0,34.09165
0,0,0,34.10152
0,0,0,34.10929
0,0,0,34.11707
0,0,0,34.12511
0,0,0,34.13271
0,0,0,34.14018
0,0,0,34.14782
0,0,0,34.15599
0,0,0,34.1639
0,0,0,34.17923
0,0,0,34.18687
0,0,0,34.1943
0,0,0,34.20247
0,0,0,34.21072
0,0,0,34.21903
0,0,0,34.22676
0,0,0,34.23618
0,0,0,34.24375
0,0,0,34.25142
0,0,0,34.25924
0,0,0,34.26748
0,0,0,34.27596
0,0,0,34.28413
0,0,0,34.29233
0,0,0,34.30096
0,0,0,34.30819
0,0,0,34.3166
0,0,0,34.32507
0,0,0,34.33335
0,0,0,34.34073
0,0,0,34.34846
0,0,0,34.35561
0,0,0,34.36366
0,0,0,34.37133
0,0,0,34.37875
0,0,0,34.38588
0,0,0,34.39359
0,0,0,34.40139
0,0,0,34.40956
0,0,0,34.41737
0,0,0,34.42568
0,0,0,34.43322
0,0,0,34.44292
0,0,0,34.45317
0,0,0,34.46199
0,0,0,34.46993
0,0,0,34.47756
0,0,0,34.48462
0,0,0,34.4916
0,0,0,34.49899
0,0,0,34.50613
0,0,0,34.5144
0,0,0,34.52212
0,0,0,34.53061
0,0,0,34.53853
0,0,0,34.54636
0,0,0,34.55431
0,0,0,34.56266
0,0,0,34.57045
0,0,0,34.57875
0,0,0,34.58644
0,0,0,34.59472
0,0,0,34.60294
0,0,0,34.61127
0,0,0,34.61916
0,0,0,34.62693
0,0,0,34.63485
0,0,0,34.64417
0,0,0,34.65418
0,0,0,34.66204
0,0,0,34.66945
0,0,0,34.67735
0,0,0,34.68505
0,0,0,34.69273
0,0,0,34.70018
0,0,0,34.70805
0,0,0,34.71616
0,0,0,34.72433
0,0,0,34.73227
0,0,0,34.74009
0,0,0,34.74825
0,0,0,34.75623
0,0,0,34.76435
0,0,0,34.77262
0,0,0,34.78145
0,0,0,34.78997
0,0,0,34.79732
0,0,0,34.80485
0,0,0,34.81269
0,0,0,34.82056
0,0,0,34.82883
0,0,0,34.8367
0,0,0,34.84673
0,0,0,34.85741
0,0,0,34.86483
0,0,0,34.87218
0,0,0,34.87913
0,0,0,34.88596
0,0,0,34.89444
0,0,0,34.90258
0,0,0,34.91109
0,0,0,34.9189
0,0,0,34.92696
0,0,0,34.93471
0,0,0,34.94279
0,0,0,34.9507
0,0,0,34.95893
0,0,0,34.96689
0,0,0,34.97506
0,0,0,34.98287
0,0,0,34.99095
0,0,0,34.99899
0,0,0,35.00683
0,0,0,35.01488
0,0,0,35.02279
0,0,0,35.03082
0,0,0,35.03885
0,0,0,35.04863
0,0,0,35.0583
0,0,0,35.06621
0,0,0,35.07332
0,0,0,35.08104
0,0,0,35.08848
0,0,0,35.09611
0,0,0,35.10423
0,0,0,35.11266
0,0,0,35.12032
0,0,0,35.12856
0,0,0,35.13625
0,0,0,35.14495
0,0,0,35.15287
0,0,0,35.16078
0,0,0,35.16873
0,0,0,35.17723
0,0,0,35.1851
0,0,0,35.19316
0,0,0,35.20097
0,0,0,35.20923
0,0,0,35.21717
0,0,0,35.22543
0,0,0,35.23332
0,0,0,35.24165
0,0,0,35.2528
0,0,0,35.26038
0,0,0,35.26876
0,0,0,35.27534
0,0,0,35.28241
0,0,0,35.29002
0,0,0,35.29852
0,0,0,35.30627
0,0,0,35.31442
0,0,0,35.32232
0,0,0,35.33034
0,0,0,35.34405
0,0,0,35.35244
0,0,0,35.36058
0,0,0,35.36799
0,0,0,35.37573
0,0,0,35.38307
0,0,0,35.39052
0,0,0,35.39765
0,0,0,35.40518
0,0,0,35.41246
0,0,0,35.42031
0,0,0,35.42841
0,0,0,35.43634
0,0,0,35.44452
0,0,0,35.45403
0,0,0,35.4637
0,0,0,35.47128
0,0,0,35.47826
0,0,0,35.4853
0,0,0,35.49358
0,0,0,35.50155
0,0,0,35.50999
0,0,0,35.5178
0,0,0,35.52594
0,0,0,35.53374
0,0,0,35.54195
0,0,0,35.54972
0,0,0,35.55793
0,0,0,35.56581
0,0,0,35.57426
0,0,0,35.58244
0,0,0,35.59056
0,0,0,35.59839
0,0,0,35.60588
0,0,0,35.61406
0,0,0,35.62207
0,0,0,35.63007
0,0,0,35.63818
0,0,0,35.64647
0,0,0,35.6558
0,0,0,35.66523
0,0,0,35.67329
0,0,0,35.6807
0,0,0,35.68761
0,0,0,35.69539
0,0,0,35.70329
0,0,0,35.71167
0,0,0,35.71973
0,0,0,35.72832
0,0,0,35.73642
0,0,0,35.74422
0,0,0,35.75185
0,0,0,35.75979
0,0,0,35.76768
0,0,0,35.77594
0,0,0,35.78366
0,0,0,35.79193
0,0,0,35.79979
0,0,0,35.80801
0,0,0,35.81598
0,0,0,35.82413
0,0,0,35.83198
0,0,0,35.83986
0,0,0,35.84816
0,0,0,35.85774
0,0,0,35.86721
0,0,0,35.87541
0,0,0,35.88309
0,0,0,35.89189
0,0,0,35.89934
0,0,0,35.9076
0,0,0,35.91525
0,0,0,35.92333
0,0,0,35.93056
0,0,0,35.93771
0,0,0,35.94604
0,0,0,35.95431
0,0,0,35.96238
0,0,0,35.97018
0,0,0,35.97839
0,0,0,35.9864
0,0,0,35.99495
0,0,0,36.00305
0,0,0,36.01144
0,0,0,36.01905
0,0,0,36.02699
0,0,0,36.03499
0,0,0,36.04298
0,0,0,36.05074
0,0,0,36.0604
0,0,0,36.07037
0,0,0,36.07838
0,0,0,36.08635
0,0,0,36.09379
0,0,0,36.10073
0,0,0,36.10809
0,0,0,36.11614
0,0,0,36.12353
0,0,0,36.13203
0,0,0,36.14021
0,0,0,36.14821
0,0,0,36.1561
0,0,0,36.16447
0,0,0,36.1724
0,0,0,36.1806
0,0,0,36.18854
0,0,0,36.19661
0,0,0,36.20447
0,0,0,36.21291
0,0,0,36.2205
0,0,0,36.22929
0,0,0,36.23703
0,0,0,36.24551
0,0,0,36.25327
0,0,0,36.26276
0,0,0,36.27237
0,0,0,36.2806
0,0,0,36.2891
0,0,0,36.29592
0,0,0,36.30302
0,0,0,36.3105
0,0,0,36.31858
0,0,0,36.32701
0,0,0,36.3349
0,0,0,36.34315
0,0,0,36.35073
0,0,0,36.35921
0,0,0,36.36671
0,0,0,36.37494
0,0,0,36.3829
0,0,0,36.39111
0,0,0,36.39913
0,0,0,36.40704
0,0,0,36.41515
0,0,0,36.42313
0,0,0,36.43122
0,0,0,36.43919
0,0,0,36.44729
0,0,0,36.45534
0,0,0,36.46475
0,0,0,36.47464
0,0,0,36.48249
0,0,0,36.48923
0,0,0,36.4968
0,0,0,36.51104
0,0,0,36.51965
0,0,0,36.52718
0,0,0,36.53518
0,0,0,36.54282
0,0,0,36.55005
0,0,0,36.55707
0,0,0,36.56413
0,0,0,36.57092
0,0,0,36.57919
0,0,0,36.58728
0,0,0,36.59601
0,0,0,36.60443
0,0,0,36.61511
0,0,0,36.62311
0,0,0,36.63041
0,0,0,36.63786
0,0,0,36.64514
0,0,0,36.65234
0,0,0,36.65984
0,0,0,36.66896
0,0,0,36.67954
0,0,0,36.68726
0,0,0,36.69516
0,0,0,36.7028
0,0,0,36.71019
0,0,0,36.71769
0,0,0,36.72534
0,0,0,36.73289
0,0,0,36.74071
0,0,0,36.74907
0,0,0,36.75693
0,0,0,36.76513
0,0,0,36.77325
0,0,0,36.78156
0,0,0,36.78999
0,0,0,36.79759
0,0,0,36.80523
0,0,0,36.81338
0,0,0,36.82106
0,0,0,36.82922
0,0,0,36.83702
0,0,0,36.84553
0,0,0,36.85345
0,0,0,36.86171
0,0,0,36.87102
0,0,0,36.88065
0,0,0,36.88854
0,0,0,36.89574
0,0,0,36.90282
0,0,0,36.91043
0,0,0,36.91866
0,0,0,36.92698
0,0,0,36.93498
0,0,0,36.94301
0,0,0,36.95078
0,0,0,36.95906
0,0,0,36.96689
0,0,0,36.97472
0,0,0,36.98295
0,0,0,36.99092
0,0,0,36.99924
0,0,0,37.00709
0,0,0,37.01531
0,0,0,37.02354
0,0,0,37.03132
0,0,0,37.0398
0,0,0,37.04803
0,0,0,37.05579
0,0,0,37.06393
0,0,0,37.07336
0,0,0,37.08287
0,0,0,37.09073
0,0,0,37.09787
0,0,0,37.10559
0,0,0,37.11337
0,0,0,37.12102
0,0,0,37.12933
0,0,0,37.13713
0,0,0,37.14558
0,0,0,37.1533
0,0,0,37.162
0,0,0,37.16959
0,0,0,37.17766
0,0,0,37.18565
0,0,0,37.19378
0,0,0,37.2016
0,0,0,37.20983
0,0,0,37.21782
0,0,0,37.22595
0,0,0,37.23389
0,0,0,37.24182
0,0,0,37.24989
0,0,0,37.25773
0,0,0,37.2661
0,0,0,37.27535
0,0,0,37.28501
0,0,0,37.29308
0,0,0,37.30049
0,0,0,37.30825
0,0,0,37.31528
0,0,0,37.32365
0,0,0,37.33335
0,0,0,37.34135
0,0,0,37.34896
0,0,0,37.35653
0,0,0,37.3639
0,0,0,37.37133
0,0,0,37.37965
0,0,0,37.38752
0,0,0,37.39591
0,0,0,37.40373
0,0,0,37.41217
0,0,0,37.42012
0,0,0,37.4281
0,0,0,37.43599
0,0,0,37.44428
0,0,0,37.45224
0,0,0,37.4604
0,0,0,37.46827
0,0,0,37.47778
0,0,0,37.48764
0,0,0,37.49577
0,0,0,37.50456
0,0,0,37.51168
0,0,0,37.5187
0,0,0,37.52578
0,0,0,37.53324
0,0,0,37.54071
0,0,0,37.54915
0,0,0,37.5572
0,0,0,37.56529
0,0,0,37.57349
0,0,0,37.58157
0,0,0,37.58939
0,0,0,37.59811
0,0,0,37.6052
0,0,0,37.61347
0,0,0,37.62125
0,0,0,37.62958
0,0,0,37.63752
0,0,0,37.64571
0,0,0,37.65376
0,0,0,37.66196
0,0,0,37.66965
0,0,0,37.68438
0,0,0,37.6921
0,0,0,37.70042
0,0,0,37.70857
0,0,0,37.71758
0,0,0,37.72524
0,0,0,37.73264
0,0,0,37.74034
0,0,0,37.74781
0,0,0,37.75439
0,0,0,37.76169
0,0,0,37.76991
0,0,0,37.77821
0,0,0,37.78614
0,0,0,37.79497
0,0,0,37.80214
0,0,0,37.80997
0,0,0,37.81767
0,0,0,37.82591
0,0,0,37.83383
0,0,0,37.84214
0,0,0,37.85009
0,0,0,37.85824
0,0,0,37.86604
0,0,0,37.87415
0,0,0,37.88363
0,0,0,37.89287
0,0,0,37.9012
0,0,0,37.908
0,0,0,37.91494
0,0,0,37.92251
0,0,0,37.93126
0,0,0,37.93859
0,0,0,37.94715
0,0,0,37.95496
0,0,0,37.96352
0,0,0,37.97132
0,0,0,37.97932
0,0,0,37.98725
0,0,0,37.99537
0,0,0,38.00334
0,0,0,38.0118
0,0,0,38.02029
0,0,0,38.0285
0,0,0,38.0364
0,0,0,38.04399
0,0,0,38.05176
0,0,0,38.05983
0,0,0,38.06766
0,0,0,38.07594
0,0,0,38.08528
0,0,0,38.09476
0,0,0,38.1029
0,0,0,38.11072
0,0,0,38.1193
0,0,0,38.12689
0,0,0,38.13428
0,0,0,38.14133
0,0,0,38.14956
0,0,0,38.15783
0,0,0,38.16575
0,0,0,38.17369
0,0,0,38.18178
0,0,0,38.19018
0,0,0,38.19794
0,0,0,38.20562
0,0,0,38.21394
0,0,0,38.22194
0,0,0,38.23011
0,0,0,38.23793
0,0,0,38.24621
0,0,0,38.25383
0,0,0,38.26208
0,0,0,38.27016
0,0,0,38.27832
0,0,0,38.28749
0,0,0,38.29721
0,0,0,38.30594
0,0,0,38.31322
0,0,0,38.32024
0,0,0,38.32772
0,0,0,38.33604
0,0,0,38.34393
0,0,0,38.35148
0,0,0,38.35957
0,0,0,38.36748
0,0,0,38.37513
0,0,0,38.38325
0,0,0,38.3915
0,0,0,38.39979
0,0,0,38.40774
0,0,0,38.41616
0,0,0,38.42421
0,0,0,38.43306
0,0,0,38.44357
0,0,0,38.45307
0,0,0,38.46352
0,0,0,38.47475
0,0,0,38.48332
0,0,0,38.49242
0,0,0,38.50026
0,0,0,38.5083
0,0,0,38.51627
0,0,0,38.52439
0,0,0,38.53244
0,0,0,38.54181
0,0,0,38.54971
0,0,0,38.55752
0,0,0,38.56479
0,0,0,38.57318
0,0,0,38.58152
0,0,0,38.589
0,0,0,38.59807
0,0,0,38.60619
0,0,0,38.61494
0,0,0,38.62272
0,0,0,38.63196
0,0,0,38.64085
0,0,0,38.64959
0,0,0,38.6586
0,0,0,38.66824
0,0,0,38.67666
0,0,0,38.68474
0,0,0,38.69493
0,0,0,38.70293
0,0,0,38.71096
0,0,0,38.71964
0,0,0,38.72796
0,0,0,38.73619
0,0,0,38.74481
0,0,0,38.75232
0,0,0,38.76033
0,0,0,38.76744
0,0,0,38.77522
0,0,0,38.783
0,0,0,38.79109
0,0,0,38.79911
0,0,0,38.80806
0,0,0,38.81697
0,0,0,38.82545
0,0,0,38.83331
0,0,0,38.84148
0,0,0,38.84908
0,0,0,38.85702
0,0,0,38.87336
0,0,0,38.88189
0,0,0,38.8904
0,0,0,38.90005
0,0,0,38.90911
0,0,0,38.91914
0,0,0,38.92807
0,0,0,38.93716
0,0,0,38.94761
0,0,0,38.95625
0,0,0,38.96657
0,0,0,38.97654
0,0,0,38.98466
0,0,0,38.99361
0,0,0,39.00139
0,0,0,39.01199
0,0,0,39.01965
0,0,0,39.02897
0,0,0,39.03748
0,0,0,39.04636
0,0,0,39.05616
0,0,0,39.06416
0,0,0,39.07142
0,0,0,39.07951
0,0,0,39.08803
0,0,0,39.09715
0,0,0,39.10715
0,0,0,39.11556
0,0,0,39.12294
0,0,0,39.13181
0,0,0,39.14046
0,0,0,39.14833
0,0,0,39.15652
0,0,0,39.16432
0,0,0,39.17163
0,0,0,39.17874
0,0,0,39.18555
0,0,0,39.19302
0,0,0,39.20113
0,0,0,39.209
0,0,0,39.21738
0,0,0,39.22523
0,0,0,39.23331
0,0,0,39.24147
0,0,0,39.24959
0,0,0,39.25782
0,0,0,39.26613
0,0,0,39.27412
0,0,0,39.28233
0,0,0,39.29069
0,0,0,39.29914
0,0,0,39.30803
0,0,0,39.31829
0,0,0,39.3252
0,0,0,39.33615
0,0,0,39.3437
0,0,0,39.35077
0,0,0,39.35789
0,0,0,39.36462
0,0,0,39.37223
0,0,0,39.38086
0,0,0,39.38914
0,0,0,39.39689
0,0,0,39.40486
0,0,0,39.41297
0,0,0,39.42107
0,0,0,39.42934
0,0,0,39.43786
0,0,0,39.44633
0,0,0,39.45467
0,0,0,39.46174
0,0,0,39.46942
0,0,0,39.47722
0,0,0,39.4852
0,0,0,39.49295
0,0,0,39.5017
0,0,0,39.51125
0,0,0,39.52042
0,0,0,39.5284
0,0,0,39.53568
0,0,0,39.5431
0,0,0,39.5504
0,0,0,39.5579
0,0,0,39.56635
0,0,0,39.57432
0,0,0,39.58255
0,0,0,39.59051
0,0,0,39.59856
0,0,0,39.60666
0,0,0,39.61497
0,0,0,39.62272
0,0,0,39.63111
0,0,0,39.63907
0,0,0,39.64705
0,0,0,39.65499
0,0,0,39.66349
0,0,0,39.67127
0,0,0,39.6796
0,0,0,39.68771
0,0,0,39.69591
0,0,0,39.70369
0,0,0,39.71331
0,0,0,39.72275
0,0,0,39.73071
0,0,0,39.7379
0,0,0,39.74577
0,0,0,39.75365
0,0,0,39.76117
0,0,0,39.76889
0,0,0,39.77714
0,0,0,39.78553
0,0,0,39.79328
0,0,0,39.8015
0,0,0,39.80936
0,0,0,39.8177
0,0,0,39.82578
0,0,0,39.83388
0,0,0,39.84188
0,0,0,39.84998
0,0,0,39.85793
0,0,0,39.86602
0,0,0,39.87419
0,0,0,39.88239
0,0,0,39.89037
0,0,0,39.89874
0,0,0,39.90638
0,0,0,39.91616
0,0,0,39.92554
0,0,0,39.93375
0,0,0,39.94135
0,0,0,39.94884
0,0,0,39.95682
0,0,0,39.96484
0,0,0,39.9724
0,0,0,39.98023
0,0,0,39.98791
0,0,0,39.99616
0,0,0,40.00437
0,0,0,40.01262
0,0,0,40.02062
0,0,0,40.0288
0,0,0,40.03679
0,0,0,40.04519
0,0,0,40.05303
0,0,0,40.06662
0,0,0,40.07361
0,0,0,40.08049
0,0,0,40.08792
0,0,0,40.09589
0,0,0,40.10385
0,0,0,40.11182
0,0,0,40.1212
0,0,0,40.12886
0,0,0,40.13709
0,0,0,40.14421
0,0,0,40.15115
0,0,0,40.15881
0,0,0,40.16737
0,0,0,40.17546
0,0,0,40.18367
0,0,0,40.1919
0,0,0,40.19954
0,0,0,40.20765
0,0,0,40.2157
0,0,0,40.22375
0,0,0,40.23186
0,0,0,40.23995
0,0,0,40.24821
0,0,0,40.25622
0,0,0,40.26439
0,0,0,40.2723
0,0,0,40.28076
0,0,0,40.28851
0,0,0,40.29686
0,0,0,40.30475
0,0,0,40.31309
0,0,0,40.32247
0,0,0,40.33238
0,0,0,40.34019
0,0,0,40.34784
0,0,0,40.35473
0,0,0,40.36285
0,0,0,40.37065
0,0,0,40.37894
0,0,0,40.38678
0,0,0,40.39517
0,0,0,40.40345
0,0,0,40.41232
0,0,0,40.42096
0,0,0,40.42948
0,0,0,40.43769
0,0,0,40.44529
0,0,0,40.453
0,0,0,40.46294
0,0,0,40.47201
0,0,0,40.48091
0,0,0,40.48928
0,0,0,40.4983
0,0,0,40.506
0,0,0,40.51361
0,0,0,40.52246
0,0,0,40.52967
0,0,0,40.53734
0,0,0,40.54535
0,0,0,40.55282
0,0,0,40.5607
0,0,0,40.56822
0,0,0,40.57595
0,0,0,40.58362
0,0,0,40.59124
0,0,0,40.59926
0,0,0,40.60732
0,0,0,40.61556
0,0,0,40.62333
0,0,0,40.63164
0,0,0,40.63916
0,0,0,40.64753
0,0,0,40.65541
0,0,0,40.66375
0,0,0,40.6717
0,0,0,40.67991
0,0,0,40.68768
0,0,0,40.6962
0,0,0,40.70376
0,0,0,40.71215
0,0,0,40.71999
0,0,0,40.72985
0,0,0,40.73974
0,0,0,40.74754
0,0,0,40.75541
0,0,0,40.76308
0,0,0,40.77006
0,0,0,40.77718
0,0,0,40.78539
0,0,0,40.7933
0,0,0,40.80213
0,0,0,40.81037
0,0,0,40.81837
0,0,0,40.82592
0,0,0,40.83353
0,0,0,40.84149
0,0,0,40.84962
0,0,0,40.8573
0,0,0,40.86569
0,0,0,40.87436
0,0,0,40.88214
0,0,0,40.88971
0,0,0,40.89783
0,0,0,40.90574
0,0,0,40.91387
0,0,0,40.92167
0,0,0,40.93149
0,0,0,40.94061
0,0,0,40.94906
0,0,0,40.9562
0,0,0,40.96383
0,0,0,40.97221
0,0,0,40.97975
0,0,0,40.98693
0,0,0,40.99504
0,0,0,41.00282
0,0,0,41.01104
0,0,0,41.01895
0,0,0,41.02699
0,0,0,41.03498
0,0,0,41.04287
0,0,0,41.05134
0,0,0,41.05927
0,0,0,41.06715
0,0,0,41.07504
0,0,0,41.08327
0,0,0,41.09103
0,0,0,41.09947
0,0,0,41.10774
0,0,0,41.11567
0,0,0,41.1236
0,0,0,41.13297
0,0,0,41.14261
0,0,0,41.15093
0,0,0,41.15805
0,0,0,41.16515
0,0,0,41.17197
0,0,0,41.18041
0,0,0,41.18812
0,0,0,41.1966
0,0,0,41.20439
0,0,0,41.21267
0,0,0,41.22038
0,0,0,41.22873
0,0,0,41.24373
0,0,0,41.25085
0,0,0,41.25802
0,0,0,41.26508
0,0,0,41.27176
0,0,0,41.27979
0,0,0,41.28755
0,0,0,41.29602
0,0,0,41.30353
0,0,0,41.31096
0,0,0,41.31866
0,0,0,41.32674
0,0,0,41.33601
0,0,0,41.34556
0,0,0,41.35378
0,0,0,41.36126
0,0,0,41.369
0,0,0,41.37625
0,0,0,41.384
0,0,0,41.39148
0,0,0,41.39975
0,0,0,41.40769
0,0,0,41.41587
0,0,0,41.42392
0,0,0,41.43232
0,0,0,41.44022
0,0,0,41.44861
0,0,0,41.45653
0,0,0,41.46481
0,0,0,41.47279
0,0,0,41.48067
0,0,0,41.48859
0,0,0,41.49688
0,0,0,41.50469
0,0,0,41.5136
0,0,0,41.52137
0,0,0,41.5295
0,0,0,41.53931
0,0,0,41.54942
0,0,0,41.55729
0,0,0,41.56519
0,0,0,41.57395
0,0,0,41.5825
0,0,0,41.59034
0,0,0,41.59792
0,0,0,41.60535
0,0,0,41.61243
0,0,0,41.62055
0,0,0,41.62853
0,0,0,41.63617
0,0,0,41.64424
0,0,0,41.65189
0,0,0,41.65978
0,0,0,41.66787
0,0,0,41.67587
0,0,0,41.68341
0,0,0,41.69115
0,0,0,41.69958
0,0,0,41.70756
0,0,0,41.71566
0,0,0,41.72323
0,0,0,41.7318
0,0,0,41.74185
0,0,0,41.75135
0,0,0,41.75903
0,0,0,41.76595
0,0,0,41.77375
0,0,0,41.78122
0,0,0,41.78871
0,0,0,41.79726
0,0,0,41.80508
0,0,0,41.81318
0,0,0,41.82105
0,0,0,41.8294
0,0,0,41.83715
0,0,0,41.84537
0,0,0,41.85334
0,0,0,41.86133
0,0,0,41.86957
0,0,0,41.87756
0,0,0,41.8856
0,0,0,41.89339
0,0,0,41.9015
0,0,0,41.90937
0,0,0,41.91753
0,0,0,41.92565
0,0,0,41.93368
0,0,0,41.94306
0,0,0,41.95273
0,0,0,41.96038
0,0,0,41.9677
0,0,0,41.97543
0,0,0,41.98272
0,0,0,41.99063
0,0,0,41.99909
0,0,0,42.00695
0,0,0,42.01532
0,0,0,42.02298
0,0,0,42.03142
0,0,0,42.0392
0,0,0,42.04735
0,0,0,42.05527
0,0,0,42.06351
0,0,0,42.07134
0,0,0,42.07961
0,0,0,42.08762
0,0,0,42.09583
0,0,0,42.10368
0,0,0,42.11163
0,0,0,42.1203
0,0,0,42.12825
0,0,0,42.1358
0,0,0,42.14519
0,0,0,42.15496
0,0,0,42.16328
0,0,0,42.17091
0,0,0,42.17868
0,0,0,42.18601
0,0,0,42.19359
0,0,0,42.20105
0,0,0,42.20879
0,0,0,42.21696
0,0,0,42.22503
0,0,0,42.23359
0,0,0,42.24136
0,0,0,42.24983
